TestId,ESVId,sequence,Kingdom,Phylum,Class,Order,Family,Genus,Species,% match,# species,YFQSP1CO.1,Y50IWGKC.1,XBMSFV5C.1,VNTRF25N.1,S3MA6GI2.1,R0W0YB0K.1,PQ5ZOKCT.1,PIB2ND0I.1,PFP3IAKW.1,P8RFOW4X.1,O8JZ5APC.1,NIS3JHUE.1,NDYBOSCI.1,MAX9U1SY.1,LXNSFSRM.1,I2TCAGTI.1,HQHKQVOO.1,F6L847VI.1,DHKAAL0M.1,D9KE4M3W.1,B38RWO34.1,9UEWYW2S.1,6OQTOL3R.1,38E9A0I2.1,0MEH7CHZ.1
MiFishU,ESV_007702,CACCGCGGTTATACGAGAGGCCCTAGTTGATAACTACCGGCGTAAAGAGTGGTTATGGAAAAATATTTAATAAAGCCGAACACCCCCTCAGCCGTCATACGCACCTGGGAGCACGAAGACCTACTGCGAAAGCAGCTTTAACTATGCCTGACCCCACGACAGCTAAGAAA,Eukaryota,Chordata,Actinopteri,Salmoniformes,Salmonidae,Oncorhynchus,,100,2,25766,1565,74,3042,1934,297,63,80,0,0,7051,4419,4847,2283,0,153,11015,1749,0,12172,11007,0,93,6330,33342
MiFishU,ESV_014423,CACCGCGGTTATACGAGAGGCCCTAGTTGATAGGCACGGCGTAAAGGGTGGTTAAGGGAGTACACAAATAAAGCCGAAGGACCCTCTGGCCGTTATACGCTTCTGGACGCCCGAAGCCCAAATACGAAAGTAGCTTTAATTTAGCCCACCTGACCCCACGAAAACTGAGAAA,Eukaryota,Chordata,Actinopteri,Cypriniformes,Catostomidae,Deltistes,Deltistes luxatus,99.4,1,0,0,638,0,0,0,0,2956,179,0,8049,4458,0,0,7120,1133,0,0,93,0,0,30567,1292,0,42508
MiFishU,ESV_000043,CACCGCGGTTATACGAGAGACCCTAGTTGATAACTACCGGCGTAAAGAGTGGTTACGGAAAAATATTCAATAAAGCCGAACACCCCCTCAGCCGTCATACGCACCTGGGGGCACGAAGATCTACTGCGAAAGCAGCTTTAATTATGCCTGAACCCACGACAGCTACGACA,Eukaryota,Chordata,Actinopteri,Salmoniformes,Salmonidae,Salmo,Salmo trutta,100,1,3160,252,0,548,62,3987,6913,235,0,0,0,0,0,0,0,0,355,62549,0,34,437,0,36,320,0
MiFishU,ESV_015983,CACCGCGGTTAAACGAGAGGCCCTAGTTGATAATACAACGGCGTAAAGGGTGGTTAAGGAACGCAAATAATAAAGCCGAATGGCCCTTTGGCTGTCATACGCTTCTAGGTGTCCGAAGCCCAATATACGAAAGTAGCTTTAGAAAAGCCCACCTGACACCACGAAAGCTGAGAAA,Eukaryota,Chordata,Actinopteri,Cypriniformes,Leuciscidae,Lavinia,Lavinia exilicauda,100,1,0,0,7354,0,0,0,46,0,9550,7662,0,0,0,0,1848,7631,0,0,10403,0,0,0,0,0,0
MiFishU,ESV_001124,CACCGCGGTTATACGAGAGGCTCAAGTTGATAAACCCCGGCGTAAAGAGTGGTTAAGGAAAAATAGAAACTAAAGCCGAATGCTTTCAAGACTGTTATACGTTCCCGAGAGTAAGAAGACCAATTACGAAAGTGGCTTTACTTTACCTGACCCCACGAAAGCTACGACA,Eukaryota,Chordata,Actinopteri,Centrarchiformes,Centrarchidae,Lepomis,Lepomis cyanellus,100,1,0,0,0,0,0,0,0,196,0,0,0,0,0,0,14,0,0,177,0,0,0,32565,86,0,0
MiFishU,ESV_014424,CACCGCGGTTATACGAGAGGCCCAAGTTGATGAACACCGGCGTAAAGTGTGGTTAAGTTAAAAATCGTACTAAAGCCAAACATCTTCAAGACTGTTATACGTAACCGAAGACAGGAAGTTCAACCACGAAAGTCGCTTTATCTGATCTGAATCCACGAAAGCTAAGGAA,Eukaryota,Chordata,Actinopteri,Perciformes,Cottidae,,,98.2,15,0,0,0,0,4234,0,0,0,0,0,0,0,0,0,0,0,0,0,0,0,25689,0,0,0,0
MiFishU,ESV_014426,CACCGCGGTTATACGAGAGGCCCAAGTTGACGAACACCGGCGTAAAGTGTGGTTAAGTTAAAAATCGTACTAAAGCCAAACATCTTCAAGACTGTTATACGTAACCGAAGACAGGAAGTTCAACCACGAAAGTCGCTTTATCTGATCTGAATCCACGAAAGCTAAGGAA,Eukaryota,Chordata,Actinopteri,Perciformes,Cottidae,,,98.8,15,0,4447,0,8786,846,0,0,0,0,0,0,0,0,2098,0,0,0,0,0,0,12755,0,0,0,0
MiFishU,ESV_015195,CACCGCGGTTAAACGAGAGGCCCTAGTTGATAGTACGACGGCGTAAAGGGTGGTTAAGGAAAGCAAACAATAAAGCCGAATGGCCCTTTGGCTGTCATACGCTTCTAGGTGTCCGAAGCCCAATATACGAAAGTAGCTTTAGAAAGGCCCACCTGACACCACGAAAGCTGAGAAA,Eukaryota,Chordata,Actinopteri,Cypriniformes,Leuciscidae,,,98.3,8,0,0,1483,0,0,0,0,2392,60,223,0,0,0,0,4831,6653,0,0,0,0,0,0,66,0,0
MiFishU,ESV_000063,CACCGCGGTTATACGAGAGGCCCAAGTTGACAAACACCGGCGTAAAGCGTGGTTAAGTTAAAAATCGTACTAAAGCCAAACATCTTCAAGACTGTTATACGTAACCGAAGACAGGAAGTTCAACCACGAAAGTCGCTTTATCTGATCTGAATCCACGAAAGCTAAGGAA,Eukaryota,Chordata,Actinopteri,Perciformes,Cottidae,,,100,7,0,45,4073,107,0,0,0,0,0,170,0,0,112,0,249,3174,0,0,0,52,0,0,0,0,0
MiFishU,ESV_015200,CACCGCGGTTAAACGAGAGGCCCTAGTTGATAGTACGACGGCGTAAAGGGTGGTTAAGGAAAGCAAACAATAAAGCCGAATGGCCCTTTGGCTGTCATACGCTTCTAGGTGTCCGAAGCCCAATATACGAAAGTAGCTTTAGAAAAGCCCACCTGACACCACGAAAGCTGAGAAA,Eukaryota,Chordata,Actinopteri,Cypriniformes,Leuciscidae,,,98.9,8,0,0,1016,0,0,0,0,1083,249,203,0,0,0,0,1025,2472,0,0,0,0,0,0,126,0,0
MiFishU,ESV_009594,CACCGCGGTTATACGAGAGGCCCAAGTTGATAAAATACGGCGTAAAGCGTGGTTAAAAGCCCCCACTAAACTAAGACTAAACCTTTCCAAAGCTGTTATACGCACCCGGAAATATGAAACTCAACTACGAAAGTGGCCTTAATTTCCCCTTGACCCCACGAAAGCTGCGAAA,Eukaryota,Chordata,Actinopteri,Cyprinodontiformes,Poeciliidae,Gambusia,Gambusia affinis,100,1,0,0,0,0,0,0,0,0,0,5767,0,0,0,0,0,0,187,0,0,0,0,0,0,0,0
MiFishU,ESV_009974,CACCGCGGTTATACGAGAGGCCCTAGTTGATAAATACCGGCGTAAAGAGTGGTTACGAAAAAATGTTTAATAAAGCCGAACACCCCCTCAGCCGTCATACGCACCTGGAGGCACGAAGACCTACTGCGAAAGCAGCTTTAATTATACCCGAATCCACGACAGCTACGACA,Eukaryota,Chordata,Actinopteri,Salmoniformes,Salmonidae,Salvelinus,,100,3,0,83,0,54,429,380,0,16,0,0,0,0,0,2115,0,0,0,0,0,46,1909,0,0,0,0
MiFishU,ESV_012038,CACCGCGGTTATACGAGAGGCCCTAGTTGATAACTACCGGCGTAAAGAGTGGTTATGGAAAAATATTTAATAAAGCCGAACACCCCCTCAGCCGTCATACGCACCTGGGAGCACGAAGACCTACTGCAAAAGCAGCTTTAACTATGCCTGACCCCACGACAGCTAAGAAA,Eukaryota,Chordata,Actinopteri,Salmoniformes,Salmonidae,Oncorhynchus,Oncorhynchus mykiss,100,1,3554,0,0,0,0,0,0,0,0,0,0,98,0,0,0,0,949,0,0,0,0,0,0,0,0
MiFishU,ESV_000070,CACCGCGGTTAAACGAGAGGCCCTAGTTGATAATACAACGGCGTAAAGGGTGGTTAAGGAACGCAAATAATAAAGCCGAATGGCCCTTTGGCTGTCATACGCTTCTAGGTGTCCGAAGCCCAATATACGAAAGTAGCTTTAGAAAGGCCCACCTGACACCACGAAAGCTGAGAAA,Eukaryota,Chordata,Actinopteri,Cypriniformes,Leuciscidae,Lavinia,Lavinia exilicauda,99.4,1,0,0,808,0,0,0,0,0,0,164,0,0,0,0,732,2010,0,0,0,0,0,0,0,0,0
MiFishU,ESV_015987,CACCGCGGTTAAACGAGAGGCCCTAGTTGATAGTACAACGGCGTAAAGGGTGGTTAAGGAACGCAAATAATAAAGCCGAATGGCCCTTTGGCTGTCATACGCTTCTAGGTGTCCGAAGCCCAATATACGAAAGTAGCTTTAGAAAAGCCCACCTGACACCACGAAAGCTGAGAAA,Eukaryota,Chordata,Actinopteri,Cypriniformes,Leuciscidae,,,99.4,3,0,0,406,0,0,0,0,0,977,938,0,0,0,0,192,0,0,0,752,0,0,0,0,0,0
MiFishU,ESV_015992,CACCGCGGTTAAACGAGAGGCCCTAGTTGATAATACAACGGCGTAAAGGGTGGTTAAGGAACGCAAATAATAAAGCCGAATGGCCCTTTGGCTGTCATACGCTTCTAGGTGTCCGAAGCCCAATATACGAAAGTAGCTTTAGAAAAGCCCACCTGACACCACGAAAGCTGAGGAA,Eukaryota,Chordata,Actinopteri,Cypriniformes,Leuciscidae,Lavinia,Lavinia exilicauda,99.4,1,0,0,0,0,0,0,0,0,585,632,0,0,0,0,0,0,0,0,728,0,0,0,0,0,0
MiFishU,ESV_010720,CACCGCGGTTATACGAGAGGCCCTAGTTGATAAGCACGGCGTAAAGGGTGGTTAAGGGAGTATATCAATAAAGCCGAAGGGCCCTTTGGCCGTTATACGCTTCTAGGCGCCCGAAGCCCAAACACGAAAGTAGCTTTAATTTAGCCCACCTGACCCCACGAAAACTGAGAAA,Eukaryota,Chordata,Actinopteri,Cypriniformes,Catostomidae,Catostomus,Catostomus macrocheilus,100,1,0,0,0,0,0,1603,0,0,0,0,0,0,0,0,0,0,0,0,0,39,0,0,0,0,0
MiFishU,ESV_010117,CACCGCGGTTATACGAGAGGCCCTAGTTGATAACTACCGGCGTAAAGAGTGGTTATGGAAAAATATTTAATAAAGCCGAACACCCCCTCAGCCGTCATACGCACCTGGGGGCACGAAGATCTACTGCGAAAGCAGCTTTAATTATGCCTGAACCCACGACAGCTACGACA,Eukaryota,Chordata,Actinopteri,Salmoniformes,Salmonidae,,,98.2,8,649,19,0,55,0,0,25,0,0,0,0,0,0,0,0,0,123,611,0,0,0,0,0,79,0
MiFishU,ESV_015993,CACCGCGGTTAAACGAGAGGCCCTAGTTGATAGTACAACGGCGTAAAGGGTGGTTAAGGAACGCAAATAATAAAGCCGAATGGCCCTTTGGCTGTCATACGCTTCTAGGTGTCCGAAGCCCAATATACGAAAGTAGCTTTAGAAAAGCCCACCTGACACCACGAAAGCTGAGGAA,Eukaryota,Chordata,Actinopteri,Cypriniformes,Leuciscidae,,,98.9,3,0,0,0,0,0,0,0,0,306,697,0,0,0,0,0,0,0,0,476,0,0,0,0,0,0
MiFishU,ESV_010078,CACCGCGGTTATACGAGAGACCCTAGTTGATAACTACCGGCGTAAAGAGTGGTTACGGAAAAATATTCAATAAAGCCGAACACCCCCTCAGCCGTCATACGCACCTGGGAGCACGAAGACCTACTGCGAAAGCAGCTTTAACTATGCCTGACCCCACGACAGCTAAGAAA,Eukaryota,Chordata,Actinopteri,Salmoniformes,Salmonidae,Oncorhynchus,,98.8,2,331,18,0,64,0,20,20,0,0,0,0,0,0,0,0,0,106,590,0,0,0,0,0,36,0
MiFishU,ESV_015990,CACCGCGGTTAAACGAGAGGCCCTAGTTGATAATACAACGGCGTAAAGGGTGGTTAAGGAACGCAAATAATAAAGCCGAATGGCCCTTTAGCTGTCATACGCTTCTAGGTGTCCGAAGCCCAATATACGAAAGTAGCTTTAGAAAAGCCCACCTGACACCACGAAAGCTGAGAAA,Eukaryota,Chordata,Actinopteri,Cypriniformes,Leuciscidae,Lavinia,Lavinia exilicauda,99.4,1,0,0,0,0,0,0,0,0,0,1166,0,0,0,0,0,0,0,0,0,0,0,0,0,0,0
MiFishU,ESV_010298,CACCGCGGTTATACGAGAGGCCCTAGTTGATAACTACCGGCGTAAAGAGTGGTTATGGAAAAATATTCAATAAAGCCGAACACCCCCTCAGCCGTCATACGCACCTGGGGGCACGAAGATCTACTGCGAAAGCAGCTTTAATTATGCCTGAACCCACGACAGCTACGACA,Eukaryota,Chordata,Actinopteri,Salmoniformes,Salmonidae,Salmo,,98.8,5,398,16,0,0,0,0,33,0,0,0,0,0,9,0,0,0,89,394,0,0,0,0,0,47,0
MiFishU,ESV_010317,CACCGCGGTTATACGAGAGACCCTAGTTGATAACTACCGGCGTAAAGAGTGGTTACGGAAAAATATTCAATAAAGCCGAACACCCCCTCAGCCGTCATACGCACCTGGGGGCACGAAGATCTACTGCGAAAGCAGCTTTAACTATGCCTGACCCCACGACAGCTAAGAAA,Eukaryota,Chordata,Actinopteri,Salmoniformes,Salmonidae,Salmo,,98.2,3,197,24,0,0,0,0,22,0,0,0,0,0,0,0,0,0,61,452,0,0,0,0,0,32,0
MiFishU,ESV_012594,CACCGCGGTTATACGAGAGGCCCTAGTTGATAACTACCGGCGTAAAGAGTGGTTATGGAAAAATATTTAATAAAGCCGAACACCCCCTCAGCCGTCATACGCACCTGGGAGCACGAAGACCTACTGCGAAAGCAGCTTTAACTATACCTGACCCCACGACAGCTAAGAAA,Eukaryota,Chordata,Actinopteri,Salmoniformes,Salmonidae,Oncorhynchus,Oncorhynchus clarkii,100,1,0,0,0,0,0,0,0,0,0,0,0,0,0,169,0,0,0,0,0,0,549,0,0,0,0
MiFishU,ESV_014452,CACCGCGGTTATACGAGAGGCCCAAGTTGATGAACACCGGCGTAAAGTGTGGTTAAGTTAAGAATCGTACTAAAGCCAAACATCTTCAAGACTGTTATACGTAACCGAAGACAGGAAGTTCAACCACGAAAGTCGCTTTATCTGATCTGAATCCACGAAAGCTAAGGAA,Eukaryota,Chordata,Actinopteri,Perciformes,Cottidae,,,97.6,15,0,0,0,0,0,0,0,0,0,0,0,0,0,0,0,0,0,0,0,0,668,0,0,0,0
MiFishU,ESV_014450,CACCGCGGTTATACGAGAGGCCCAAGTTGACGAACACCGGCGTAAAGTGTGGTTAAGTTAAAAATCGTACTAAAGCCAAACATCTTCAAGACTGTTGTACGTAACCGAAGACAGGAAGTTCAACCACGAAAGTCGCTTTATCTGATCTGAATCCACGAAAGCTAAGGAA,Eukaryota,Chordata,Actinopteri,Perciformes,Cottidae,,,98.2,15,0,0,0,0,0,0,0,0,0,0,0,0,0,0,0,0,0,0,0,0,650,0,0,0,0
MiFishU,ESV_010166,CACCGCGGTTATACGAGAGGCCCTAGTTGATAACTACCGGCGTAAAGAGTGGTTACGGAAAAATATTCAATAAAGCCGAACACCCCCTCAGCCGTCATACGCACCTGGGGGCACGAAGATCTACTGCGAAAGCAGCTTTAATTATGCCTGAACCCACGACAGCTACGACA,Eukaryota,Chordata,Actinopteri,Salmoniformes,Salmonidae,Salmo,,99.4,5,261,16,0,0,0,0,0,0,0,0,0,0,0,0,0,0,61,276,0,0,0,0,0,29,0
MiFishU,ESV_010055,CACCGCGGTTATACGAGAGGCCCTAGTTGATAAATACCGGCGTAAAGAGTGGTTACGAAAAAATGTTTAATAAAGCCGAACACCCCCTCAGCCGTCATACGCACCTGGGAGCACGAAGACCTACTGCGAAAGCAGCTTTAACTATGCCTGACCCCACGACAGCTAAGAAA,Eukaryota,Chordata,Actinopteri,Salmoniformes,Salmonidae,Oncorhynchus,,97.6,4,0,21,0,0,72,0,0,0,0,0,0,0,0,258,0,0,0,0,0,9,234,0,0,0,0
MiFishU,ESV_016007,CACCGCGGTTAAACGAGAGGCCCTAGTTGATAGGCACGGCGTAAAGGGTGGTTAAGGGAGTACACAAATAAAGCCGAAGGACCCTCTGGCCGTTATACGCTTCTGGACGCCCGAAGCCCAAATACGAAAGTAGCTTTAATTTAGCCCACCTGACCCCACGAAAACTGAGAAA,Eukaryota,Chordata,Actinopteri,Cypriniformes,Catostomidae,Deltistes,Deltistes luxatus,98.8,1,0,0,45,0,0,0,0,0,27,0,0,0,0,0,345,114,0,0,11,0,0,0,0,0,0
MiFishU,ESV_014458,CACCGCGGTTATACGAGAGGCCCAAGTTGATGAACACCGGCGTAAAGTGTGGTTAAGTTAAAAATCGTACTAAAGCCAAACATCTTCAAGACTGTTATACGCAACCGAAGACAGGAAGTTCAACCACGAAAGTCGCTTTATCTGATCTGAATCCACGAAAGCTAAGGAA,Eukaryota,Chordata,Actinopteri,Perciformes,Cottidae,,,97.6,15,0,0,0,0,0,0,0,0,0,0,0,0,0,0,0,0,0,0,0,0,540,0,0,0,0
MiFishU,ESV_016011,CACCGCGGTTAAACGAGAGGCCCTAGTTGATAATACAACGGCGTAAAGGGTGGTTAAGGAACGCAAATAATAAAGCCGAATGGCCCTTTGGCTGTCATACGCTTCTAGGTGTCCGAAGCCCAACATACGAAAGTAGCTTTAGAAAAGCCCACCTGACACCACGAAAGCTGAGAAA,Eukaryota,Chordata,Actinopteri,Cypriniformes,Leuciscidae,Lavinia,Lavinia exilicauda,99.4,1,0,0,317,0,0,0,0,0,0,0,0,0,0,0,49,144,0,0,0,0,0,0,0,0,0
MiFishU,ESV_010080,CACCGCGGTTATACGAGAGGCCCTAGTTGATAACTACCGGCGTAAAGAGTGGTTATGGAAAAATATTTAATAAAGCCGAACACCCCCTCAGCCGTCATACGCACCTGGAGGCACGAAGACCTACTGCGAAAGCAGCTTTAATTATACCCGAATCCACGACAGCTACGACA,Eukaryota,Chordata,Actinopteri,Salmoniformes,Salmonidae,,,98.8,3,0,19,0,0,58,0,0,0,0,0,0,0,0,210,0,0,0,0,0,0,200,0,0,0,0
MiFishU,ESV_012021,CACCGCGGTTATACGAGAGACCCTAGTTGATAACTACCGGCGTAAAGAGTGGTTACGGAAAAATATTTAATAAAGCCGAACACCCCCTCAGCCGTCATACGCACCTGGGAGCACGAAGACCTACTGCGAAAGCAGCTTTAACTATGCCTGACCCCACGACAGCTAAGAAA,Eukaryota,Chordata,Actinopteri,Salmoniformes,Salmonidae,Oncorhynchus,,99.4,2,45,0,0,0,0,0,17,0,0,0,0,0,0,0,0,0,55,276,0,0,0,0,0,0,0
MiFishU,ESV_016021,CACCGCGGTTAAACGAGAGGCCCTAGTTGATAATACAACGGCGTAAAGGGTGGTTAAGGAACGCAAATAATAAAGCCAAATGGCCCTTTGGCTGTCATACGCTTCTAGGTGTCCGAAGCCCAATATACGAAAGTAGCTTTAGAAAAGCCCACCTGACACCACGAAAGCTGAGAAA,Eukaryota,Chordata,Actinopteri,Cypriniformes,Leuciscidae,,,99.4,2,0,0,0,0,0,0,0,0,0,380,0,0,0,0,0,0,0,0,0,0,0,0,0,0,0
MiFishU,ESV_016024,CACCGCGGTTAAACGAGAGGCCCTAGTTGATAGTACGACGGCGTAAAGGGTGGTTAAGGAAAGCAAACAATAAAGCCGAATGGCCCTTTGGCTGTCATACGCTTCTAGGTGTCCGAAGCCCAATATACGAAAGTAGCTTTAGAAAGACCCACCTGACACCACGAAAGCTGAGAAA,Eukaryota,Chordata,Actinopteri,Cypriniformes,Leuciscidae,,,97.7,8,0,0,0,0,0,0,0,0,266,102,0,0,0,0,0,0,0,0,0,0,0,0,0,0,0
MiFishU,ESV_016026,CACCGCGGTTATACGAGAGGCCCTAGTTGATAGTACGACGGCGTAAAGGGTGGTTAAGGAAAGCAAACAATAAAGCCGAATGGCCCTTTGGCTGTCATACGCTTCTAGGTGTCCGAAGCCCAATATACGAAAGTAGCTTTAGAAAGGCCCACCTGACACCACGAAAGCTGAGAAA,Eukaryota,Chordata,Actinopteri,Cypriniformes,Leuciscidae,,,97.7,9,0,0,0,0,0,0,0,0,0,0,0,0,0,0,355,0,0,0,0,0,0,0,0,0,0
MiFishU,ESV_014469,CACCGCGGTTAAACGAGAGGCCCTAGTTGATAGTACAACGGCGTAAAGGGTGGTTAAGGAGAGTGAAACAATAAAGCCAAATGGCCCTTTGGCTGTCATACGCTTCTAGGAGTCCGAAGCCCAATATACGAAAGTAGCTTTAGAGCAGCCCACCTGACCCCACGAAAGCTGAGAAA,Eukaryota,Chordata,Actinopteri,Cypriniformes,Leuciscidae,Richardsonius,,99.4,2,0,0,0,0,0,0,0,0,0,0,0,0,0,0,0,0,0,0,0,0,351,0,0,0,0
MiFishU,ESV_014478,CACCGCGGTTATACGAGAGGCCCAAGTTGATGAACACCGGCGTAAAGTGTGGCTAAGTTAAAAATCGTACTAAAGCCAAACATCTTCAAGACTGTTATACGTAACCGAAGACAGGAAGTTCAACCACGAAAGTCGCTTTATCTGATCTGAATCCACGAAAGCTAAGGAA,Eukaryota,Chordata,Actinopteri,Perciformes,Cottidae,,,97.6,15,0,0,0,0,0,0,0,0,0,0,0,0,0,0,0,0,0,0,0,0,305,0,0,0,0
MiFishU,ESV_014494,CACCGCGGTTATACGAGAGGCCCTAGTTGATAACTACCGGCGTAAAGAGTGGTTATGGAAAAATATTTAATAAAGCCGAACACCCCCTCAGCCGTCATACGCACCTGGGAGCACGAAGACCTACTGCGAAAGCAGCTTTAATTATGCCTGAACCCACGACAGCTACGACA,Eukaryota,Chordata,Actinopteri,Salmoniformes,Salmonidae,,,98.2,6,95,0,0,0,0,0,0,0,0,0,0,0,0,0,0,0,57,119,0,0,0,0,0,31,0
MiFishU,ESV_014513,CACCGCGGTTATACGAGAGGCCCAAGTTGATTAACACCGGCGTAAAGTGTGGTTAAGTTAAAAATCGTACTAAAGCCAAACATCTTCAAGACTGTTATACGTAACCGAAGACAGGAAGTTCAACCACGAAAGTCGCTTTATCTGATCTGAATCCACGAAAGCTAAGGAA,Eukaryota,Chordata,Actinopteri,Perciformes,Cottidae,,,98.2,15,0,0,0,0,75,0,0,19,0,0,0,0,0,0,0,0,0,0,0,0,180,0,0,0,0
MiFishU,ESV_016048,CACCGCGGTTAAACGAGAGGCCCTAGTTGATAGTACAACGGCGTAAAGGGTGGTTAAGGAACGCAGATAATAAAGCCGAATGGCCCTTTGGCTGTCATACGCTTCTAGGTGTCCGAAGCCCAATATACGAAAGTAGCTTTAGAAAAGCCCACCTGACACCACGAAAGCTGAGGAA,Eukaryota,Chordata,Actinopteri,Cypriniformes,Leuciscidae,,,98.3,3,0,0,0,0,0,0,0,0,162,21,0,0,0,0,0,0,0,0,83,0,0,0,0,0,0
MiFishU,ESV_016050,CACCGCGGTTATACGAGAGGCCCTAGTTGATAGGCACGGCGTAAAGGGTGGTTAAGGGAGTACACAAATAAAGCCGAAGGACCCTCTGGCCGTTATACGCTTCTGGACGCCCGAAGCCCAAATACGAAAGTAGCTTTAGAAAAGCCCACCTGACACCACGAAAGCTGAGAAA,Eukaryota,Chordata,Actinopteri,Cypriniformes,Catostomidae,Deltistes,Deltistes luxatus,95.9,1,0,0,45,0,0,0,0,0,24,0,0,0,0,0,179,0,0,0,12,0,0,0,0,0,0
MiFishU,ESV_016056,CACCGCGGTTAAACGAGAGGCCCTAGTTGATAATACAACGGCGTAAAGGGTGGTTAAGGAACGCAAATAATAAAGCCGAATGGCCCTTTGGCTGTCATACGCTTCTAGGTGTCCGAAGCCCAATATACGAAAGTAGCTTTAGAAAAACCCACCTGACACCACGAAAGCTGAGAAA,Eukaryota,Chordata,Actinopteri,Cypriniformes,Leuciscidae,Lavinia,Lavinia exilicauda,99.4,1,0,0,0,0,0,0,0,0,0,260,0,0,0,0,0,0,0,0,0,0,0,0,0,0,0
MiFishU,ESV_015224,CACCGCGGTTAAACGAGAGGCCCTAGTTGATGGTACAACGGCGTAAAGGGTGGTTAAGGATAGTGAAATAATAAAGTCGAATGGCCCTTTGGCTGTCATACGCTTCTAGGAGTCCGAAGCCCAATATACGAAAGTAGCTTTAGAAAAGCCCACCTGATCCCACGAAAGCTGAGAGA,Eukaryota,Chordata,Actinopteri,Cypriniformes,Leuciscidae,,,97.2,5,0,0,0,0,0,259,0,0,0,0,0,0,0,0,0,0,0,0,0,0,0,0,0,0,0
MiFishU,ESV_009973,CACCGCGGTTATACGAGAGGCCCTAGTTGATAACTACCGGCGTAAAGAGTGGTTATGGAAAAATATTTAATAAAGCCGAACACCCCCTCAGCCGTCATACGCACCTGGGGGCACGAAGACCTACTGCGAAAGCAGCTTTAATTACACCTGACCCCACGACAGCTAAGAAA,Eukaryota,Chordata,Actinopteri,Salmoniformes,Salmonidae,Oncorhynchus,Oncorhynchus tshawytscha,100,1,0,0,0,0,0,0,10,0,0,56,0,188,0,0,0,0,0,0,0,0,0,0,0,0,0
MiFishU,ESV_016055,CACCGCGGTTAAACGAGAGGCCCTAGTTGATAGTACAACGGCGTAAAGGGTGGTTAAGGAACGCAGATAATAAAGCCGAATGGCCCTTTGGCTGTCATACGCTTCTAGGTGTCCGAAGCCCAATATACGAAAGTAGCTTTAGAAAAGCCCACCTGACACCACGAAAGCTGAGAAA,Eukaryota,Chordata,Actinopteri,Cypriniformes,Leuciscidae,,,98.9,3,0,0,0,0,0,0,0,0,132,22,0,0,0,0,0,0,0,0,98,0,0,0,0,0,0
MiFishU,ESV_016058,CACCGCGGTTAAACGAGAGGCCCTAGTTGATAATACAACGGCGTAAAGGGTGGTTAAGGAACGCAAATAATAAAGCCGAATGGCCCTTTGGCTGTCATACGCTTCTAGGTGTCCGAAGCCCAATATACGAAAGTAGCTTTAGAAAGACCCACCTGACACCACGAAAGCTGAGAAA,Eukaryota,Chordata,Actinopteri,Cypriniformes,Leuciscidae,Lavinia,Lavinia exilicauda,98.9,1,0,0,0,0,0,0,0,0,197,50,0,0,0,0,0,0,0,0,0,0,0,0,0,0,0
MiFishU,ESV_014448,CACCGCGGTTAAACGAGAGGCCCTAGTTGATGGTACAACGGCGTAAAGGGTGGTTAAGGACAGTGAAATAATAAAGTCGAATGGCCCTTTGGCTGTCATACGCTTCTAGGAGTCCGAAGCCCAATATACGAAAGTAGCTTTAGAAAAGCCCACCCGATCCCACGAAAGCTGAGAAA,Eukaryota,Chordata,Actinopteri,Cypriniformes,Leuciscidae,,,97.2,4,0,0,0,0,0,0,0,31,0,0,0,0,0,0,0,0,0,0,0,118,0,0,0,93,0
MiFishU,ESV_001136,CACCGCGGTTAAACGAGAGGCCCTAGTTGATAGTACAACGGCGTAAAGGGTGGTTAAGGGTGAACAAAATAAAGCCGAATGGCCCTTTGGCTGTCATACGCTTCTAGGTGCCTGAAGCCCAACATACGAAAGTCGCTTTAAAGTAGCCTACCTGATCCCACGAAAACTGAGAAA,Eukaryota,Chordata,Actinopteri,Cypriniformes,Leuciscidae,Semotilus,Semotilus atromaculatus,100,1,0,0,0,0,0,0,0,0,0,0,0,0,0,0,0,0,0,0,0,242,0,0,0,0,0
MiFishU,ESV_003496,CACCGCGGTTAAACGAGAGGCCCTAGTTGATAGTACAACGGCGTAAAGGGTGGTTAAGGATACTAAAATAATAAAGTCGAATGGCCCTTTGGCTGTCATACGCTTCTAGGAGTCCGAAGCCCGATATACGAAAGTAGCTTTAGGAAAGCCCACCTGACCCCACGAAAGCTGAGAAA,Eukaryota,Chordata,Actinopteri,Cypriniformes,Leuciscidae,Rhinichthys,Rhinichthys atratulus,100,1,0,0,0,0,0,0,0,0,0,0,19,0,0,0,0,0,0,0,0,140,0,0,38,30,0
MiFishU,ESV_014495,CACCGCGGTTATACGAGAGACCCTAGTTGATAACTACCGGCGTAAAGAGTGGTTACGGAAAAATATTCAATAAAGCCGAACACCCCCTCAGCCGTCATACGCACCTGGGGGCACGAAGATCTACTGCGAAAGCAGTTTTAATTATGCCTGAACCCACGACAGCTACGACA,Eukaryota,Chordata,Actinopteri,Salmoniformes,Salmonidae,Salmo,,99.4,4,0,0,0,0,0,0,0,0,0,0,0,0,0,0,0,0,0,223,0,0,0,0,0,0,0
MiFishU,ESV_010005,CACCGCGGTTATACGAGAGACCCTAGTTGATAACTACCGGCGTAAAGAGTGGTTATGGAAAAATATTTAATAAAGCCGAACACCCCCTCAGCCGTCATACGCACCTGGGAGCACGAAGACCTACTGCGAAAGCAGCTTTAACTATGCCTGACCCCACGACAGCTAAGAAA,Eukaryota,Chordata,Actinopteri,Salmoniformes,Salmonidae,Oncorhynchus,Oncorhynchus mykiss,100,1,0,0,0,0,0,0,8,0,0,0,0,0,0,0,0,0,0,211,0,0,0,0,0,0,0
MiFishU,ESV_014497,CACCGCGGTTATACGAGAGGCCCTAGTTGATAGGCACGGCGTAAAGGGTGGTTAAGGGAGTACACAAATAAAGCCGAAGGACCCTCTGGCCGTTATACGCTTCTGGACGCCCGAAGCCCAAATACGAAAGTAGCTTTAATTTAGCCCACCTGACCCCACGCAAACTGAGAAA,Eukaryota,Chordata,Actinopteri,Cypriniformes,Catostomidae,Deltistes,Deltistes luxatus,98.8,1,0,0,0,0,0,0,0,0,0,0,0,0,0,0,0,0,0,0,0,0,0,0,0,0,217
MiFishU,ESV_014527,CACCGCGGTTATACGAGAGACCCTAGTTGATAACTACCGGCGTAAAGAGTGGTTACGGAAAAATATTCAATAAAGCCGAACACCCCCTCAGCCGTCATACGCACCTGGGGGCACGAAGATCTACTGCGAAAGCAGCTTTAATTATGCCTGACCCCACGACAGCTAAGAAA,Eukaryota,Chordata,Actinopteri,Salmoniformes,Salmonidae,Salmo,,98.2,4,8,0,0,0,22,0,15,0,0,0,0,0,0,0,0,0,26,144,0,0,0,0,0,0,0
MiFishU,ESV_016069,CACCGCGGTTAAACGAGAGGCCCTAGTTGATAGTACGACGGCGTAAAGGGTGGTTAAGGAACGCAAATAATAAAGCCGAATGGCCCTTTGGCTGTCATACGCTTCTAGGTGTCCGAAGCCCAATATACGAAAGTAGCTTTAGAAAAGCCCACCTGACACCACGAAAGCTGAGAAA,Eukaryota,Chordata,Actinopteri,Cypriniformes,Leuciscidae,,,98.9,3,0,0,134,0,0,0,0,0,34,32,0,0,0,0,0,0,0,0,0,0,0,0,0,0,0
MiFishU,ESV_016074,CGCCGCGGTTAAACGAGAGGCCCTAGTTGATAATACAACGGCGTAAAGGGTGGTTAAGGAACGCAAATAATAAAGCCGAATGGCCCTTTGGCTGTCATACGCTTCTAGGTGTCCGAAGCCCAATATACGAAAGTAGCTTTAGAAAAGCCCACCTGACACCACGAAAGCTGAGAAA,Eukaryota,Chordata,Actinopteri,Cypriniformes,Leuciscidae,Lavinia,Lavinia exilicauda,99.4,1,0,0,0,0,0,0,0,0,0,0,0,0,0,0,55,136,0,0,0,0,0,0,0,0,0
MiFishU,ESV_016075,CACCGCGGTTAAACGAGAGGCCCTAGTTGATAATACAACGGCGTAAAGGGTGGTTAAGAAACGCAAATAATAAAGCCGAATGGCCCTTTGGCTGTCATACGCTTCTAGGTGTCCGAAGCCCAATATACGAAAGTAGCTTTAGAAAAGCCCACCTGACACCACGAAAGCTGAGAAA,Eukaryota,Chordata,Actinopteri,Cypriniformes,Leuciscidae,Lavinia,Lavinia exilicauda,99.4,1,0,0,0,0,0,0,0,0,0,188,0,0,0,0,0,0,0,0,0,0,0,0,0,0,0
MiFishU,ESV_000073,CACCGCGGTTATACGAGAGGCTCAAGTTGATGAACCCCGGCGTAAAGAGTGGTTAAGGGAGATCAAAACTAAAGCCGAATGCTTTCAAAGCTGTTATACGCTTCCGAAAGTAAGAAGCCCAATCACGAAAGTGGCTTTACTTTACCTGACCCCACGAAAGCTACGACA,Eukaryota,Chordata,Actinopteri,Centrarchiformes,Centrarchidae,Lepomis,Lepomis macrochirus,100,1,0,0,0,0,0,184,0,0,0,0,0,0,0,0,0,0,0,0,0,0,0,0,0,0,0
MiFishU,ESV_014512,CACCGCGGTTATACGAGAGGCCCTAGTTGATAGGCACGGCGTAAAGGGTGGTTAAGGGAGTACACAAATAAAGCCGAAGGACCCTGTGGCCGTTATACGCTTCTGGACGCCCGAAGCCCAAATACGAAAGTAGCTTTAATTTAGCCCACCTGACCCCACGAAAACTGAGAAA,Eukaryota,Chordata,Actinopteri,Cypriniformes,Catostomidae,Deltistes,Deltistes luxatus,98.8,1,0,0,0,0,0,0,0,0,0,0,0,0,0,0,0,0,0,0,0,0,0,176,0,0,0
MiFishU,ESV_014511,CACCGCGGTTATACGAGAGACCCTAGTTGATAACTACCGGCGTAAAGAGTGGTTACGGAAAAATATTCAATAAAGCCGAACACCCACTCAGCCGTCATACGCACCTGGGGGCACGAAGATCTACTGCGAAAGCAGCTTTAATTATGCCTGAACCCACGACAGCTACGACA,Eukaryota,Chordata,Actinopteri,Salmoniformes,Salmonidae,Salmo,,99.4,4,175,0,0,0,0,0,0,0,0,0,0,0,0,0,0,0,0,0,0,0,0,0,0,0,0
MiFishU,ESV_014519,CACCGCGGTTATACGAGAGGCCCTAGTTGATAGGCACGGCGTAAAGGGTGGTTAAGGGAGTACACAAATAAAGCCGAAGGACCCCCTGGCCGTTATACGCTTCTGGACGCCCGAAGCCCAAATACGAAAGTAGCTTTAATTTAGCCCACCTGACCCCACGAAAACTGAGAAA,Eukaryota,Chordata,Actinopteri,Cypriniformes,Catostomidae,Deltistes,Deltistes luxatus,98.8,1,0,0,0,0,0,0,0,0,0,0,0,0,0,0,0,0,0,0,0,0,0,0,0,0,172
MiFishU,ESV_016097,CACCGCGGTTAAACGAGAGGCCCTAGTTGATAATACAACGGCGTAAAGGGTGGTTAAGGAACGCAAATAATAAAGCCGAATGGCCCTTTGGCTGTCATACGCTTCTAGGTGTCCGAAGCCCGATATACGAAAGTAGCTTTAGAAAAGCCCACCTGACACCACGAAAGCTGAGAAA,Eukaryota,Chordata,Actinopteri,Cypriniformes,Leuciscidae,Lavinia,Lavinia exilicauda,99.4,1,0,0,0,0,0,0,0,0,0,0,0,0,0,0,0,163,0,0,0,0,0,0,0,0,0
MiFishU,ESV_014522,CACCGCGGTTATACGAGAGGCCCTAGTTGATAACTACCGGCGTAAAGAGTGGTTATGGAAAAATATTTAATAAAGCCGAACACACCCTCAGCCGTCATACGCACCTGGGAGCACGAAGACCTACTGCGAAAGCAGCTTTAACTATGCCTGACCCCACGACAGCTAAGAAA,Eukaryota,Chordata,Actinopteri,Salmoniformes,Salmonidae,Oncorhynchus,,99.4,4,0,0,0,0,0,0,0,0,0,0,0,0,0,0,0,0,0,0,0,0,0,0,0,0,160
MiFishU,ESV_012280,CACCGCGGTTATACGAGAGGCCCTAGTTGATAACTACCGGCGTAAAGAGTGGTTATGGAAAAATATTTAATAAAGCCGAACACCCCCTCAGCCGTCATACGCACCTGGGAGCACGAAGACCTACTGCGAAAGCAGCTTTAACTATGCCTGACCCCACGACAGCCAAGAAA,Eukaryota,Chordata,Actinopteri,Salmoniformes,Salmonidae,Oncorhynchus,,99.4,4,0,0,0,0,0,0,0,0,0,0,0,0,0,0,0,0,0,0,0,0,0,0,0,0,153
MiFishU,ESV_014530,CACCGCGGTTATACGAGAGGCCCTAGTTGATAGGCACGGCGTAAAGGGTGGTTAAGGGAGTACACAAATAAAGCCGAAGGACCCTCTGGCTGTTATACGCTTCTGGACGCCCGAAGCCCAAATACGAAAGTAGCTTTAATTTAGCCCACCTGACCCCACGAAAACTGAGAAA,Eukaryota,Chordata,Actinopteri,Cypriniformes,Catostomidae,Deltistes,Deltistes luxatus,98.8,1,0,0,0,0,0,0,0,0,0,0,0,0,0,0,0,0,0,0,0,0,0,0,0,0,147
MiFishU,ESV_008679,CACCGCGGTTATACGGGAGACCCTAGTTGATAACTACCGGCGTAAAGAGTGGTTACGGAAAAATATTCAATAAAGCCGAACACCCCCTCAGCCGTCATACGCACCTGGGGGCACGAAGATCTACTGCGAAAGCAGCTTTAATTATGCCTGAACCCACGACAGCTACGACA,Eukaryota,Chordata,Actinopteri,Salmoniformes,Salmonidae,Salmo,,99.4,4,0,0,0,0,0,0,0,0,0,0,0,0,0,0,0,0,0,145,0,0,0,0,0,0,0
MiFishU,ESV_007586,CACCGCGGTTATACGAGAGGCTCAAGTTGATGAACCCCGGCGTAAAGAGTGGTTAAGAGAGATCAAAACTAAAGCCGAATGCTTTCAAAGCTGTTATACGCTTCCGAAAGTAAGAAGCCCAATCACGAAAGTGGCTTTACTTTACCTGACCCCACGAAAGCTACGACA,Eukaryota,Chordata,Actinopteri,Centrarchiformes,Centrarchidae,Lepomis,Lepomis macrochirus,100,1,0,0,0,0,0,0,82,58,0,0,0,0,0,0,0,0,0,0,0,0,0,0,0,0,0
MiFishU,ESV_002811,CACCGCGGTTATACGAGAGGCCCAAGTTGACAAACACCGGCGTAAAGCGTGGTTAAGTTAAAAATCGTACTAAAGCCAAACATCTTCAAGACTGTTATACGTAACCGAAGACAGGAAGTTCAACCACGAAGGTCGCTTTATCTGATCTGAATCCACGAAAGCTAAGGAA,Eukaryota,Chordata,Actinopteri,Perciformes,Cottidae,,,99.4,15,0,0,0,0,0,0,0,0,0,0,0,0,135,0,0,0,0,0,0,0,0,0,0,0,0
MiFishU,ESV_014534,CACCGCGGTTATACGAGAGGCTCAAGTTGATAAACCCCGGCGTAAAGAGTGGTTAAGGAAAAATAGAAACTAAAGCCGAATGCTTTCAAGACTGTTATACGTTCCCGAGAGTAAGAAGACCAATTACGAAAGTGGCTTTACTTTACCTGACCCCACGAAAGCCACGACA,Eukaryota,Chordata,Actinopteri,Centrarchiformes,Centrarchidae,Lepomis,Lepomis cyanellus,99.4,1,0,0,0,0,0,0,0,0,0,0,0,0,0,0,0,0,0,0,0,0,0,135,0,0,0
MiFishU,ESV_014537,CACCGCGGTTATACGAGAGGCCCTAGTTGATAGGCACGGCGTAAAGGGTGGTTAAGGGAGTACACAAATAAAGCCGAAGGACCCTCTGGCCGTTATACGCTTTTGGACGCCCGAAGCCCAAATACGAAAGTAGCTTTAATTTAGCCCACCTGACCCCACGAAAACTGAGAAA,Eukaryota,Chordata,Actinopteri,Cypriniformes,Catostomidae,Deltistes,Deltistes luxatus,98.8,1,0,0,0,0,0,0,0,0,0,0,0,0,0,0,0,0,0,0,0,0,0,0,0,0,131
MiFishU,ESV_014590,CACCGCGGTTATACGAGAGGCCCTAGTTGATAAATACCGGCGTAAAGAGTGGTTACGAAAAAATGTTTAATAAAGCCGAACACCCCCTCAGCCGTCATACGCACCTGGAGGCACGAAGACCTACTGCGAAAGCAGCTTTAACTATGCCTGACCCCACGACAGCTAAGAAA,Eukaryota,Chordata,Actinopteri,Salmoniformes,Salmonidae,,,96.5,8,0,0,0,0,39,0,0,0,0,0,0,0,0,0,0,0,0,0,0,0,91,0,0,0,0
MiFishU,ESV_016129,CACCGCGGTTAAACGAGAGGCCCTAGTTGATAATACAACGGCGTAAAGGGTGGTTAAGGAACGCAAATAATAAAGCCGAATGGCCCTTTGGCTGTCATACGCTTCTAGGTGTCCGGAGCCCAATATACGAAAGTAGCTTTAGAAAAGCCCACCTGACACCACGAAAGCTGAGAAA,Eukaryota,Chordata,Actinopteri,Cypriniformes,Leuciscidae,Lavinia,Lavinia exilicauda,99.4,1,0,0,0,0,0,0,0,0,0,129,0,0,0,0,0,0,0,0,0,0,0,0,0,0,0
MiFishU,ESV_016131,CACCGCGGTTAAACGAGAGGCCCTAGTTGATAATACAACGGCGTAAAGGGTGGTTAAGGAAAGCAAACAATAAAGCCGAATGGCCCTTTGGCTGTCATACGCTTCTAGGTGTCCGAAGCCCAATATACGAAAGTAGCTTTAGAAAGGCCCACCTGACACCACGAAAGCTGAGAAA,Eukaryota,Chordata,Actinopteri,Cypriniformes,Leuciscidae,,,98.3,11,0,0,0,0,0,0,0,0,0,0,0,0,0,0,128,0,0,0,0,0,0,0,0,0,0
MiFishU,ESV_016132,CACCGCGGTTAAACGAGAGGCCCTAGTTGATAATACAACGGCGTAAAGGGTGGTTAAGGAAAGCAAACAATAAAGCCGAATGGCCCTTTGGCTGTCATACGCTTCTAGGTGTCCGAAGCCCAATATACGAAAGTAGCTTTAGAAAAGCCCACCTGACACCACGAAAGCTGAGAAA,Eukaryota,Chordata,Actinopteri,Cypriniformes,Leuciscidae,,,98.9,10,0,0,82,0,0,0,0,0,24,21,0,0,0,0,0,0,0,0,0,0,0,0,0,0,0
MiFishU,ESV_015201,CACCGCGGTTATACGAGAGGCCCTAGTTGATAAGCGCGGCGTAAAGGGTGGTTAAGGGAGTATATAAATAAAGCCGAAGGACCCTCTGGCCGTTATACGCTTCTAGGCGTCCGAAGCCCAAACACGAAAGTAGCTTTAATTTAGCCCACCTGACCCCACGAAAACTGAGAAA,Eukaryota,Chordata,Actinopteri,Cypriniformes,Catostomidae,Catostomus,Catostomus discobolus,99.4,1,0,0,0,0,112,0,0,14,0,0,0,0,0,0,0,0,0,0,0,0,0,0,0,0,0
MiFishU,ESV_012013,CACCGCGGTTATACGAGAGGCCCTAGTTGATAACTACCGGCGTAAAGAGTGGTTATGGAAAAATATTTAATAAAGCCGAACACCCCCTCAGCCGTCATACGCACCTGGGAGCACGAAGGCCTACTGCGAAAGCAGCTTTAACTATGCCTGACCCCACGACAGCTAAGAAA,Eukaryota,Chordata,Actinopteri,Salmoniformes,Salmonidae,Oncorhynchus,,99.4,4,0,0,0,0,0,0,0,0,0,0,0,0,0,0,0,0,0,0,0,0,0,0,0,0,123
MiFishU,ESV_016143,CACCGCGGTTAAACGAGAGGCCCTAGTTGATAATACAACGGCGTAAAGGGTGGTTAAGGAACGCAAATAATAAAGCCAAATGGCCCTTTGGCTGTCATACGCTTCTAGGTGCCCGAAGCCCAATATACGAAAGTAGCTTTAGAAAAGCCCACCTGACACCACGAAAGCTGAGAAA,Eukaryota,Chordata,Actinopteri,Cypriniformes,Leuciscidae,,,98.9,3,0,0,0,0,0,0,0,0,0,122,0,0,0,0,0,0,0,0,0,0,0,0,0,0,0
MiFishU,ESV_014549,CACCGCGGTTATACGAGAGGCTCAAGTTGATAAACCCCGGCGTAAAGAGTGGTTAAGGAAAAATAGAAACTAAAGCCGAATGCTTCCAAGACTGTTATACGTTCCCGAGAGTAAGAAGACCAATTACGAAAGTGGCTTTACTTTACCTGACCCCACGAAAGCTACGACA,Eukaryota,Chordata,Actinopteri,Centrarchiformes,Centrarchidae,Lepomis,Lepomis cyanellus,99.4,1,0,0,0,0,0,0,0,0,0,0,0,0,0,0,0,0,0,0,0,0,0,121,0,0,0
MiFishU,ESV_014554,CACCGCGGTTATACGAGAGGCCCTAGTTGATAGGCACGGCGTAAAGGGTGGTTAAGGGAGTACACAAATAAAGCCGAAGAACCCTCTGGCCGTTATACGCTTCTGGACGCCCGAAGCCCAAATACGAAAGTAGCTTTAATTTAGCCCACCTGACCCCACGAAAACTGAGAAA,Eukaryota,Chordata,Actinopteri,Cypriniformes,Catostomidae,Deltistes,Deltistes luxatus,98.8,1,0,0,0,0,0,0,0,0,0,0,0,0,0,0,0,0,0,0,0,0,0,117,0,0,0
MiFishU,ESV_012019,CACCGCGGTTATACGAGAGGCCCTAGTTGATAACTACCGGCGTAAAGAGTGGTTATGGAAAAGTATTTAATAAAGCCGAACACCCCCTCAGCCGTCATACGCACCTGGGAGCACGAAGACCTACTGCGAAAGCAGCTTTAACTATGCCTGACCCCACGACAGCTAAGAAA,Eukaryota,Chordata,Actinopteri,Salmoniformes,Salmonidae,Oncorhynchus,,99.4,4,112,0,0,0,0,0,0,0,0,0,0,0,0,0,0,0,0,0,0,0,0,0,0,0,0
MiFishU,ESV_012799,CACCGCGGTTATACGAGAGGCCCAAGTTGACAAACGCCGGCGTAAAGCGTGGTTAAGTTAAAAATCGTACTAAAGCCAAACATCTTCAAGACTGTTATACGTAACCGAAGACAGGAAGTTCAACCACGAAAGTCGCTTTATCTGATCTGAATCCACGAAAGCTAAGGAA,Eukaryota,Chordata,Actinopteri,Perciformes,Cottidae,,,99.4,15,0,0,0,0,0,111,0,0,0,0,0,0,0,0,0,0,0,0,0,0,0,0,0,0,0
MiFishU,ESV_016171,CACCGCGGTTATACGAGAGGCCCTAGTTGATAGTACGACGGCGTAAAGGGTGGTTAAGGAAAGCAAACAATAAAGCCGAATGGCCCTTTGGCTGTCATACGCTTCTAGGTGTCCGAAGCCCAATATACGAAAGTAGCTTTAGAAAAGCCCACCTGACACCACGAAAGCTGAGAAA,Eukaryota,Chordata,Actinopteri,Cypriniformes,Leuciscidae,,,98.3,8,0,0,0,0,0,0,0,0,0,0,0,0,0,0,106,0,0,0,0,0,0,0,0,0,0
MiFishU,ESV_014569,CACCGCGGTTATACGAGAGGCTCAAGTTGATAAACCCCGGCGTAAAGAGTGGTTAAGGAAAAATAGAAACTAAAGCCGAATGCTTTCAAGACTGTTATACGTTCCCGAGAGTAAGAAGACCAATTACGAAAGTGGCTTTACTTTACCTGACCCCACGAAGGCTACGACA,Eukaryota,Chordata,Actinopteri,Centrarchiformes,Centrarchidae,Lepomis,Lepomis cyanellus,99.4,1,0,0,0,0,0,0,0,0,0,0,0,0,0,0,0,0,0,0,0,0,0,105,0,0,0
MiFishU,ESV_014574,CACCGCGGTTATACGAGAGGCCCTAGTTGATAACTACCGGCGTAAAGAGTGGTTATGGAAAAAATATTTAATAAAGCCGAACACCCCCTCAGCCGTCATACGCACCTGGGAGCACGAAGACCTACTGCGAAAGCAGCTTTAACTATGCCTGATCCCACGACAGCTAAGAAA,Eukaryota,Chordata,Actinopteri,Salmoniformes,Salmonidae,Oncorhynchus,,98.8,4,104,0,0,0,0,0,0,0,0,0,0,0,0,0,0,0,0,0,0,0,0,0,0,0,0
MiFishU,ESV_016173,CACCGCGGTTAAACGAGAGGCCCTAGTTGATAGTACAACGGCGTAAAGGGTGGTTAAGGAACGCAAATAATAAAGCCGAATGGCCCTTTGGCTGTCATACGCTTCTAGGTGTCCGAAGCCCAATATACGAAAGTAGCTTTAGAAAGGCCCACCTGACACCACGAAAGCTGAGAAA,Eukaryota,Chordata,Actinopteri,Cypriniformes,Leuciscidae,,,98.9,3,0,0,0,0,0,0,0,0,0,31,0,0,0,0,73,0,0,0,0,0,0,0,0,0,0
MiFishU,ESV_014524,CACCGCGGTTATACGAGAGGCCCTAGTTGATAACTACCGGCGTAAAGAGTGGTTATGGAAAAATATTTAATAAAGCCGAACACCCCCTCAGCCGTCATACGCACCTGGGAGCGCGAAGACCTACTGCGAAAGCAGCTTTAACTATGCCTGACCCCACGACAGCTAAGAAA,Eukaryota,Chordata,Actinopteri,Salmoniformes,Salmonidae,Oncorhynchus,,99.4,4,0,0,0,0,0,0,0,0,0,0,0,0,0,0,0,0,0,0,0,0,0,0,0,0,102
MiFishU,ESV_009954,CACCGCGGTTATACGAGAGGCCCAAGTTGATTAACCCCGGCGTAAAGAGTGGTTAAGATAGACTAAAAACTAAAGCCGAATGCCCTCAAAGCTGTTATACGCACCCGAAGGTAAGAAGCTCAATCACGAAAGTGGCTTTACACCACCTGAACCCACGAAAGCTATGACA,Eukaryota,Chordata,Actinopteri,Centrarchiformes,Centrarchidae,,,96.4,2,0,0,0,0,0,0,0,0,0,98,0,0,0,0,0,0,0,0,0,0,0,0,0,0,0
MiFishU,ESV_009610,CACCGCGGTTATACGAGAGGCCCAAGTTGACAAACCCCGGCGTAAAGAGTGGTTAAGAAAAATTTAAAACTAAAGCCGAATGCCCTCAAAGCTGTTATACGCACCCGAAGGTAAGAAGCCCAATCACGAAAGTGGCTTTACATTTCCCGAACCCACGAAAGCTATGAAA,Eukaryota,Chordata,Actinopteri,Centrarchiformes,Centrarchidae,Micropterus,Micropterus salmoides,100,1,0,0,0,0,0,0,0,90,0,0,0,0,0,0,0,0,0,0,0,0,0,0,0,0,0
MiFishU,ESV_014595,CACCGCGGTTATACGAGAGGCCCAAGTTGATGAACACCGGCGTAAAGTGTGGTTAAGTTAAAAATCGTACTAAAGCCAAACATCCTCAAGACTGTTATACGTAACCGAAGACAGGAAGTTCAACCACGAAAGTCGCTTTATCTGATCTGAATCCACGAAAGCTAAGGAA,Eukaryota,Chordata,Actinopteri,Perciformes,Cottidae,,,97.6,15,0,0,0,0,0,0,0,0,0,0,0,0,0,0,0,0,0,0,0,0,90,0,0,0,0
MiFishU,ESV_011324,CACCGCGGTTATACGAGAGGCCCTAGTTGATAACTACCGGCGTAAAGAGTGGTTATGGAAAGATATTTAATAAAGCCGAACACCCCCTCAGCCGCCATACGCACCTGGGAGCACGAAGACCTACCGCGAAAGCAGCTTTAATTACGCCTGACCCCACGACAGCTAAGAAA,Eukaryota,Chordata,Actinopteri,Salmoniformes,Salmonidae,Oncorhynchus,Oncorhynchus kisutch,99.4,1,0,0,0,0,0,0,0,0,0,87,0,0,0,0,0,0,0,0,0,0,0,0,0,0,0
MiFishU,ESV_014214,CACCGCGGTTATACGAGAGGCCCTAGTTGATAACTACCGGCGTAAAGAGTGGTTATGGAAAAATATTTAATAAAGCCGAACACCCCCTCAGCCGTCATACGCACCTGGGAGCACGAAGACCCACTGCGAAAGCAGCTTTAACTATGCCTGACCCCACGACAGCTAAGAAA,Eukaryota,Chordata,Actinopteri,Salmoniformes,Salmonidae,Oncorhynchus,,99.4,4,0,0,0,0,0,0,0,0,0,0,0,0,0,0,0,0,0,0,0,0,85,0,0,0,0
MiFishU,ESV_014609,CACCGCGGTTATACGAGAGGCCCAAGTTGACGAACGCCGGCGTAAAGTGTGGTTAAGTTAAAAATCGTACTAAAGCCAAACATCTTCAAGACTGTTATACGTAACCGAAGACAGGAAGTTCAACCACGAAAGTCGCTTTATCTGATCTGAATCCACGAAAGCTAAGGAA,Eukaryota,Chordata,Actinopteri,Perciformes,Cottidae,,,98.2,15,0,0,0,0,0,0,0,0,0,0,0,0,0,0,0,0,0,0,0,0,84,0,0,0,0
MiFishU,ESV_015366,CACCGCGGTTATACGAGAGACCCTAGTTGATAACTACCGGCGTAAAGAGTGGTTACGGAAAAATATTCAATAAAGCCGAACACCCCCTCAGCCGTCATACGCACCTGGGGGCACGAAGATCTACTGCGAAAGCAGCTTTAATTATGCCTGAATCCACGACAGCTACGACA,Eukaryota,Chordata,Actinopteri,Salmoniformes,Salmonidae,Salmo,,99.4,4,0,0,0,0,0,81,0,0,0,0,0,0,0,0,0,0,0,0,0,0,0,0,0,0,0
MiFishU,ESV_014610,CACCGCGGTTATACGAGAGGCCCAAGTTGATAAACACCGGCGTAAAGTGTGGTTAAGTTAAAAATCGTACTAAAGCCAAACATCTTCAAGACTGTTATACGTAACCGAAGACAGGAAGTTCAACCACGAAAGTCGCTTTATCTGATCTGAATCCACGAAAGCTAAGGAA,Eukaryota,Chordata,Actinopteri,Perciformes,Cottidae,,,98.8,15,0,0,0,0,0,0,0,0,0,0,0,0,0,0,0,0,0,0,0,0,81,0,0,0,0
MiFishU,ESV_014620,CACCGCGGTTATACGAAAGGCCCTAGTTGCTAGCCACGGCGTAAAGGGTGGTTAAGGGCAATTGTAAATAAAGCTAAAGACCCCCTAAGCCGTCATACGCATTCCGGGGGCACGAAACCCTAGCACGAAAGTAGCTTTAAAAATATACCTGACCCCACGAAAGCTAAGAAA,Eukaryota,Chordata,Actinopteri,Siluriformes,Ictaluridae,Ameiurus,Ameiurus catus,100,1,0,0,0,0,0,0,0,0,0,0,0,0,0,0,0,0,0,0,0,0,0,80,0,0,0
MiFishU,ESV_010619,CACCGCGGTTATACGAGAGGCCCTAGTTGATAACTACCGGCGTAAAGAGTGGTTACGGAAAAATATTCAATAAAGCCGAACACCCCCTCAGCCGTCATACGCACCTGGGAGCACGAAGACCTACTGCGAAAGCAGCTTTAACTATGCCTGACCCCACGACAGCTAAGAAA,Eukaryota,Chordata,Actinopteri,Salmoniformes,Salmonidae,Oncorhynchus,,98.8,4,41,0,0,0,0,0,0,0,0,0,0,0,0,0,0,0,29,0,0,0,0,0,0,8,0
MiFishU,ESV_010110,CACCGCGGTTATACGAGAGACCCTAGTTGATAACTACCGGCGTAAAGAGTGGTTACGGAAAAATATTCAATAAAGCCGAACACCCCCTCAGCCGTCATACGCACCTGGGGGCACGAAGATCTACTGCGAAAGCAGCTTTAATTATACCCGAATCCACGACAGCTACGACA,Eukaryota,Chordata,Actinopteri,Salmoniformes,Salmonidae,Salmo,,98.8,2,0,0,0,0,0,50,0,0,0,0,0,0,0,0,0,0,0,0,0,0,25,0,0,0,0
MiFishU,ESV_016245,CACCGCGGTTATACGAGAGGCCCTAGTTGATAGGCACGGCGTAAAGGGTGGTTAAGGGAGTACACAAATAAAGCCGAAGGACCCTCTGGCCGTTATACGCTTCTGGACGCCCGAAGCCCAAATACGAAAGTAGCTTTAGAAAGGCCCACCTGACACCACGAAAGCTGAGAAA,Eukaryota,Chordata,Actinopteri,Cypriniformes,Catostomidae,Deltistes,Deltistes luxatus,95.3,1,0,0,0,0,0,0,0,0,0,0,0,0,0,0,0,75,0,0,0,0,0,0,0,0,0
MiFishU,ESV_014625,CACCGCGGTTATACGAGAGGCCCAAGTTGATGAACACCGGCGTAAAGTGTGGTTAAGTTAAAAATCGTACTAAAGCCAAACATCTTCAAGACTGTTGTACGTAACCGAAGACAGGAAGTTCAACCACGAAAGTCGCTTTATCTGATCTGAATCCACGAAAGCTAAGGAA,Eukaryota,Chordata,Actinopteri,Perciformes,Cottidae,,,97.6,15,0,0,0,0,0,0,0,0,0,0,0,0,0,0,0,0,0,0,0,0,74,0,0,0,0
MiFishU,ESV_014626,CACCGCGGTTATACAAGAGGCCCTAGTTGATAGGCACAGCGTAAAGGGTGGTTAAGGGAGTACACAAATAAAGCCGAAGGACCCTCTGGCCGTTATACGCTTCTGGACGCCCGAAGCCCAAATACGAAAGTAGCTTTAATTTAGCCCACCTGACCCCACGAAAACTGAGAAA,Eukaryota,Chordata,Actinopteri,Cypriniformes,Catostomidae,Deltistes,Deltistes luxatus,98.3,1,0,0,0,0,0,0,0,0,0,0,0,0,0,0,0,0,0,0,0,0,0,0,0,0,72
MiFishU,ESV_016254,CACCGCGGTTATACGAGAGGCCCTAGTTGGTAGGCACGGCGTAAAGGGTGGTTAAGGGAGTACACAAATAAAGCCGAAGGACCCTCTGGCCGTTATACGCTTCTGGACGCCCGAAGCCCAAATACGAAAGTAGCTTTAATTTAGCCCACCTGACCCCACGAAAACTGAGAAA,Eukaryota,Chordata,Actinopteri,Cypriniformes,Catostomidae,Deltistes,Deltistes luxatus,98.8,1,0,0,0,0,0,0,0,0,0,0,0,71,0,0,0,0,0,0,0,0,0,0,0,0,0
MiFishU,ESV_014628,CACCGCGGTTATACGAGAGGCCCAAGCTGACGAACACCGGCGTAAAGTGTGGTTAAGTTAAAAATCGTACTAAAGCCAAACATCTTCAAGACTGTTATACGTAACCGAAGACAGGAAGTTCAACCACGAAAGTCGCTTTATCTGATCTGAATCCACGAAAGCTAAGGAA,Eukaryota,Chordata,Actinopteri,Perciformes,Cottidae,,,98.2,15,0,0,0,0,0,0,0,0,0,0,0,0,0,0,0,0,0,0,0,0,71,0,0,0,0
MiFishU,ESV_009990,CACCGCGGTTAAACGAGAGGCCCTAGTTGATAGTACAACGGCGTAAAGGGTGGTTAAGGATAGTAAAACAATAAAGTCGAATGGCCCTTTGGCTGTCATACGCTTCTAGGAGTCCGAAGCCCAATATACGAAAGTAACTTTAACAAAGCCCACCTGACCCCACGAAAACTGAGAAA,Eukaryota,Chordata,Actinopteri,Cypriniformes,Leuciscidae,Luxilus,,100,2,0,0,0,0,0,0,0,0,0,20,0,0,0,0,0,0,0,0,0,0,0,0,51,0,0
MiFishU,ESV_016257,CACCGCGGTTATACGAGAGGCCCTAGTTGATAGGCACGGCGTAAAGGGTAGTTAAGGGAGTACACAAATAAAGCCGAAGGACCCTCTGGCCGTTATACGCTTCTGGACGCCCGAAGCCCAAATACGAAAGTAGCTTTAATTTAGCCCACCTGACCCCACGAAAACTGAGAAA,Eukaryota,Chordata,Actinopteri,Cypriniformes,Catostomidae,Deltistes,Deltistes luxatus,98.8,1,0,0,0,0,0,0,0,0,0,0,0,71,0,0,0,0,0,0,0,0,0,0,0,0,0
MiFishU,ESV_014629,CACCGCGGTTATACGAGGGGCCCTAGTTGATAGGCACGGCGTAAAGGGTGGTTAAGGGAGTACACAAATAAAGCCGAAGGACCCTCTGGCCGTTATACGCTTCTGGACGCCCGAAGCCCAAATACGAAAGTAGCTTTAATTTAGCCCACCTGACCCCACGAAAACTGAGAAA,Eukaryota,Chordata,Actinopteri,Cypriniformes,Catostomidae,Deltistes,Deltistes luxatus,98.8,1,0,0,0,0,0,0,0,0,0,0,0,0,0,0,0,0,0,0,0,0,0,71,0,0,0
MiFishU,ESV_015386,CACCGCGGTTAAACGAGAGGCCCTAGTTGATAGTACGACGGCGTAAAGGGTGGTTAAGGAAAGCAAACAATAAAGCCGAATGGCCCTTTGGCTGTCATACGCTTCTAGGTGTCCGAAGCCCAATATACGAAAGTAGCTTTAGAAAGGCCCATCTGACACCACGAAAGCTGAGAAA,Eukaryota,Chordata,Actinopteri,Cypriniformes,Leuciscidae,,,97.7,8,0,0,0,0,0,0,0,70,0,0,0,0,0,0,0,0,0,0,0,0,0,0,0,0,0
MiFishU,ESV_014632,CACCGCGGTTATACGAGAGACCCTAGTTGATAACTACCGGCGTAAAGAGTGGTTACGGAAAAATATTCAATAAAGCCGAACACCCCCTCAGCCGTCATACGCACCTGGGAGCACGAAGACCTACTGCGAAAGCAGCTTTAATTATGCCTGAACCCACGACAGCTACGACA,Eukaryota,Chordata,Actinopteri,Salmoniformes,Salmonidae,Salmo,,98.8,4,0,0,0,0,0,0,0,0,0,0,0,0,0,0,0,0,0,70,0,0,0,0,0,0,0
MiFishU,ESV_014630,CACCGCGGTTATACGAGAGGCCCAAGTTGATGAACACCGGCGTAAAGTGTGGTTAAGTTAAAAATCGTACTAAAGCCAAACATCTTCAAGACTGTTATACGTAACCGAAGACAGGAAGCTCAACCACGAAAGTCGCTTTATCTGATCTGAATCCACGAAAGCTAAGGAA,Eukaryota,Chordata,Actinopteri,Perciformes,Cottidae,,,97.6,15,0,0,0,0,0,0,0,0,0,0,0,0,0,0,0,0,0,0,0,0,70,0,0,0,0
MiFishU,ESV_016273,CACCGCGGTTAAACGAGAGGCCCTAGTTGATAGTACGACGGCGTAAAGGGTGGTTAAGGAACGCAAATAATAAAGCCGAATGGCCCTTTGGCTGTCATACGCTTCTAGGTGTCCGAAGCCCAATATACGAAAGTAGCTTTAGAAAGGCCCACCTGACACCACGAAAGCTGAGAAA,Eukaryota,Chordata,Actinopteri,Cypriniformes,Leuciscidae,,,98.3,3,0,0,0,0,0,0,0,0,0,0,0,0,0,0,67,0,0,0,0,0,0,0,0,0,0
MiFishU,ESV_016272,CACCGCGGTTAAACGAGAGGCCCTAGTTGATAGTACAACGGCGTAAAGGGTGGTTAAGGAACGCAAATAATAAAGCCGAATGGCCCTTTAGCTGTCATACGCTTCTAGGTGTCCGAAGCCCAATATACGAAAGTAGCTTTAGAAAAGCCCACCTGACACCACGAAAGCTGAGAAA,Eukaryota,Chordata,Actinopteri,Cypriniformes,Leuciscidae,,,98.9,3,0,0,0,0,0,0,0,0,0,67,0,0,0,0,0,0,0,0,0,0,0,0,0,0,0
MiFishU,ESV_012403,CACCGCGGTTATACGAGAGACCCTAGTTGATAACTACCGGCGTAAAGAGTGGTTATGGAAAAATATTTAATAAAGCCGAACACCCCCTCAGCCGTCATACGCACCTGGGGGCACGAAGATCTACTGCGAAAGCAGCTTTAATTATGCCTGAACCCACGACAGCTACGACA,Eukaryota,Chordata,Actinopteri,Salmoniformes,Salmonidae,Salmo,,98.8,4,0,0,0,0,0,0,0,0,0,0,0,0,0,0,0,0,0,64,0,0,0,0,0,0,0
MiFishU,ESV_013458,CACCGCGGTTATACGAGAGGCTCAAGTTGATAAGCCCCGGCGTAAAGAGTGGTTAAGGAAAAATAGAAACTAAAGCCGAATGCTTTCAAGACTGTTATACGTTCCCGAGAGTAAGAAGACCAATTACGAAAGTGGCTTTACTTTACCTGACCCCACGAAAGCTACGACA,Eukaryota,Chordata,Actinopteri,Centrarchiformes,Centrarchidae,Lepomis,Lepomis cyanellus,99.4,1,0,0,0,0,0,0,0,0,0,0,0,0,0,0,0,0,0,0,0,0,0,64,0,0,0
MiFishU,ESV_014649,CACCGCGGTTATACGAGAGGCCCTAGTTGATAACTACCGGCGTAAAGAGTGGTTATGGAAAAATATTTAATAAAGCCGAACACCCCCTCAGCCGTCATACGCACCTGGGAGCACGAAGACCTACTGCGAAAGCAGCTTCAACTATGCCTGACCCCACGACAGCCAAGAAA,Eukaryota,Chordata,Actinopteri,Salmoniformes,Salmonidae,Oncorhynchus,,98.8,4,63,0,0,0,0,0,0,0,0,0,0,0,0,0,0,0,0,0,0,0,0,0,0,0,0
MiFishU,ESV_016298,CACCGCGGTTAAACGAGAGGCCCTAGTTGATAATACAACGGCGTAAAGGGTGGTTAAGGAACGCAAATAATAAAGCCGAATGGCCCTTTAGCTGTCATACGCTTCTAGGTGTCCGAAGCCCAATATACGAAAGTAGCTTTAGAAAAGCCCACCTGACACCACGAAAGCTGAGGAA,Eukaryota,Chordata,Actinopteri,Cypriniformes,Leuciscidae,Lavinia,Lavinia exilicauda,98.9,1,0,0,0,0,0,0,0,0,0,61,0,0,0,0,0,0,0,0,0,0,0,0,0,0,0
MiFishU,ESV_014655,CACCGCGGTTATACGAGAGGTCCTAGTTGATAGGCACGGCGTAAAGGGTGGTTAAGGGAGTACACAAATAAAGCCGAAGGACCCTCTGGCCGTTATACGCTTCTGGACGCCCGAAGCCCAAATACGAAAGTAGCTTTAATTTAGCCCACCTGACCCCACGAAAACTGAGAAA,Eukaryota,Chordata,Actinopteri,Cypriniformes,Catostomidae,Deltistes,Deltistes luxatus,98.8,1,0,0,0,0,0,0,0,0,0,0,0,0,0,0,0,0,0,0,0,0,0,61,0,0,0
MiFishU,ESV_016297,CACCGCGGTTATACGAGAGGCCCTAGTTGATAATACAACGGCGTAAAGGGTGGTTAAGGAACGCAAATAATAAAGCCGAATGGCCCTTTGGCTGTCATACGCTTCTAGGTGTCCGAAGCCCAATATACGAAAGTAGCTTTAGAAAGGCCCACCTGACACCACGAAAGCTGAGAAA,Eukaryota,Chordata,Actinopteri,Cypriniformes,Leuciscidae,Lavinia,Lavinia exilicauda,98.9,1,0,0,0,0,0,0,0,0,0,0,0,0,0,0,60,0,0,0,0,0,0,0,0,0,0
MiFishU,ESV_013749,CACCGCGGTTATACGAGAGGCCCTAGTTGATAACTACCGGCGTAAAGAGTGGTTATGGAAAAATATTTAATAAAGCCGAACACCCCCTCAGCCGTCATACGCACCTGGGAGCACGAAGACCTACTGCGAAAGCAGCTTTAACTATGCCTGACCCCACGACAGCTAAGAAG,Eukaryota,Chordata,Actinopteri,Salmoniformes,Salmonidae,Oncorhynchus,,99.4,4,0,0,0,0,0,0,0,0,0,0,0,0,0,0,0,0,0,0,0,0,0,0,0,0,60
MiFishU,ESV_016300,CGCCGCGGTTAAACGAGAGGCCCTAGTTGATAATACAACGGCGTAAAGGGTGGTTAAGGAACGCAAATAATAAAGCCGAATGGCCCTTTGGCTGTCATACGCTTCTAGGTGTCCGAAGCCCAATATACGAAAGTAGCTTTAGAAAGGCCCACCTGACACCACGAAAGCTGAGAAA,Eukaryota,Chordata,Actinopteri,Cypriniformes,Leuciscidae,Lavinia,Lavinia exilicauda,98.9,1,0,0,0,0,0,0,0,0,0,0,0,0,0,0,21,38,0,0,0,0,0,0,0,0,0
MiFishU,ESV_014660,CACCGCGGTTATACGAGAGGCCCAAGTTGACGAACACCGGCGTAAAGTGTGGTTAAGTTAAGAATCGTACTAAAGCCAAACATCTTCAAGACTGTTATACGTAACCGAAGACAGGAAGTTCAACCACGAAAGTCGCTTTATCTGATCTGAATCCACGAAAGCTAAGGAA,Eukaryota,Chordata,Actinopteri,Perciformes,Cottidae,,,98.2,15,0,0,0,0,0,0,0,0,0,0,0,0,0,0,0,0,0,0,0,0,59,0,0,0,0
MiFishU,ESV_014662,CACCGCGGTTATACGAGAGGCCCAAGTTGACGAACACCGGCGTAAAGTGTGGTTAAGTTAAAAATCGTACTAAAGCCAAACATCTTCAAGACTGTTATACGCAACCGAAGACAGGAAGTTCAACCACGAAAGTCGCTTTATCTGATCTGAATCCACGAAAGCTAAGGAA,Eukaryota,Chordata,Actinopteri,Perciformes,Cottidae,,,98.2,15,0,0,0,0,0,0,0,0,0,0,0,0,0,0,0,0,0,0,0,0,58,0,0,0,0
MiFishU,ESV_011857,CACCGCGGTTATACGAGAGGCCCTAGTTGATAACTACCGGCGTAAAGAGTGGTTATGGAGAAATATTTAATAAAGCCGAACACCCCCTCAGCCGTCATACGCACCTGGGAGCACGAAGACCTACTGCGAAAGCAGCTTTAACTATGCCTGACCCCACGACAGCTAAGAAA,Eukaryota,Chordata,Actinopteri,Salmoniformes,Salmonidae,Oncorhynchus,,99.4,4,0,0,0,0,0,0,0,0,0,0,0,0,0,0,0,0,0,8,0,0,50,0,0,0,0
MiFishU,ESV_014669,CACCGCGGTTATACGAGAGGCCCATGTTGATGAACACCGGCGTAAAGTGTGGTTAAGTTAAAAATCGTACTAAAGCCAAACATCTTCAAGACTGTTATACGTAACCGAAGACAGGAAGTTCAACCACGAAAGTCGCTTTATCTGATCTGAATCCACGAAAGCTAAGGAA,Eukaryota,Chordata,Actinopteri,Perciformes,Cottidae,,,97.6,15,0,0,0,0,0,0,0,0,0,0,0,0,0,0,0,0,0,0,0,0,55,0,0,0,0
MiFishU,ESV_015523,CACCGCGGTAATACGAGAGGCCCTAGTTGATAAACATGGCGTAAAGGGTGGTTAAGGGAGTGTAAAAATAAAGCCGAATGACCCTCTGGCCGTTATACGCTTCTAGGCGCCTGAAGCCCAAACACGAAAGTAGCTTTAATTTAGCCCGCCTGACCCCACAAAAACTGAGAAA,Eukaryota,Chordata,Actinopteri,Cypriniformes,Catostomidae,Catostomus,,94.8,2,0,0,8,0,0,0,0,0,0,0,0,0,0,0,14,0,0,0,0,0,0,0,32,0,0
MiFishU,ESV_000031,CACCGCGGTTATACGAGAGGCCCTAGTTGATAAGCACGGCGTAAAGGGTGGTTAAGGGAGTACATAAATAAAGCCGAAGGGCCCTCTGGCCGTTATACGCTTCTAGGCGCCCGAAGCCCAAACACGAAAGTAGCTTTAATTTAGCCCACCTGACCCCACGAAAACTGAGAAA,Eukaryota,Chordata,Actinopteri,Cypriniformes,Catostomidae,Catostomus,Catostomus commersonii,100,1,0,0,0,0,0,0,0,0,0,29,25,0,0,0,0,0,0,0,0,0,0,0,0,0,0
MiFishU,ESV_015421,CACCGCGGTTATACGAGAGGCCCTAGTTGATAACTACTGGCGTAAAGAGTGGTTATGGAAAAATATTTAATAAAGCCGAACACCCCCTCAGCCGTCATACGCACCTGGGAGCACGAAGACCTACTGCGAAAGCAGCTTTAACTATGCCTGACCCCACGACAGCTAAGAAA,Eukaryota,Chordata,Actinopteri,Salmoniformes,Salmonidae,Oncorhynchus,,99.4,4,0,0,0,0,0,53,0,0,0,0,0,0,0,0,0,0,0,0,0,0,0,0,0,0,0
MiFishU,ESV_015425,CACCGCGGTTAAACGAGAGGCCCTAGTTGATAGTACGACGGCGTAAAGGGTGGTTAAGGAAAGCAAACAATAAAGCCGAATGGCCCTTTGGCTGTCATACGCTTCTAGGTATCCGAAGCCCAATATACGAAAGTAGCTTTAGAAAGGCCCACCTGACACCACGAAAGCTGAGAAA,Eukaryota,Chordata,Actinopteri,Cypriniformes,Leuciscidae,,,97.7,8,0,0,0,0,0,0,0,52,0,0,0,0,0,0,0,0,0,0,0,0,0,0,0,0,0
MiFishU,ESV_014806,CACCGCGGTTATACGAGAGACCCTAGTTGATAACTACCGGCGTAAAGAGTGGTTACGGAAAAATATTCAATAAAGCCGAACACCCCCTCAGCCGTCATACGCACCTGGGGGCACGAAGACCTACTGCGAAAGCAGCTTTAACTATGCCTGACCCCACGACAGCTAAGAAA,Eukaryota,Chordata,Actinopteri,Salmoniformes,Salmonidae,,,98.2,5,0,0,0,0,0,0,0,0,0,0,0,0,0,0,0,0,23,28,0,0,0,0,0,0,0
MiFishU,ESV_016344,CACCGCGGTTAAACGAGAGGCCCTAGTTGATAGTACAACGGCGTAAAGGGTGGTTAAGGAACGCAAATAATAAAGCCGAATGGCCCTTTGGCTGTTATACGCTTCTAGGTGTCCGAAGCCCAATATACGAAAGTAGCTTTAGAAAAGCCCACCTGACACCACGAAAGCTGAGAAA,Eukaryota,Chordata,Actinopteri,Cypriniformes,Leuciscidae,,,98.9,3,0,0,0,0,0,0,0,0,0,50,0,0,0,0,0,0,0,0,0,0,0,0,0,0,0
MiFishU,ESV_016345,CACCGCGGTTAAACGAGAGGCCCTAGTTGATAATACAACGGCGTAAAGGGTGGTTAAGGAACGCAGATAATAAAGCCGAATGGCCCTTTGGCTGTCATACGCTTCTAGGTGTCCGAAGCCCAATATACGAAAGTAGCTTTAGAAAAGCCCACCTGACACCACGAAAGCTGAGGAA,Eukaryota,Chordata,Actinopteri,Cypriniformes,Leuciscidae,Lavinia,Lavinia exilicauda,98.9,1,0,0,0,0,0,0,0,0,29,0,0,0,0,0,0,0,0,0,20,0,0,0,0,0,0
MiFishU,ESV_016350,CACCGCGGTTAAACGAGAGGCCCTAGTTGATAGTGTAGCGGCGTAAAGGGTGGTTAAGGATAATAAAACAATAAAGTCGAATGGCCCTTTGGCTGTCATACGCTTCTAGGAGTCCGAAGCCCAGTATACGAAAGTAACTTTAAGAAAGCCCACCTGACCCCACGAAAACTGAGAAA,Eukaryota,Chordata,Actinopteri,Cypriniformes,Leuciscidae,Hybopsis,Hybopsis dorsalis,98.9,1,0,0,0,0,0,0,49,0,0,0,0,0,0,0,0,0,0,0,0,0,0,0,0,0,0
MiFishU,ESV_015437,CACCGCGGTTATACGTGAGACCCTAGTTGATAACTACCGGCGTAAAGAGTGGTTACGGAAAAATATTCAATAAAGCCGAACACCCCCTCAGCCGTCATACGCACCTGGGGGCACGAAGATCTACTGCGAAAGCAGCTTTAATTATGCCTGAACCCACGACAGCTACGACA,Eukaryota,Chordata,Actinopteri,Salmoniformes,Salmonidae,Salmo,,99.4,4,0,0,0,0,0,0,0,0,0,0,0,0,49,0,0,0,0,0,0,0,0,0,0,0,0
MiFishU,ESV_014693,CACCGCGGTTATACGAGAGGCCCAAGTTGACGAACACCGGCGTAAAGTGTGGTTAAGTCAAAAATCGTACTAAAGCCAAACATCTTCAAGACTGTTATACGTAACCGAAGACAGGAAGTTCAACCACGAAAGTCGCTTTATCTGATCTGAATCCACGAAAGCTAAGGAA,Eukaryota,Chordata,Actinopteri,Perciformes,Cottidae,,,98.2,15,0,0,0,0,0,0,0,0,0,0,0,0,0,0,0,0,0,0,0,0,49,0,0,0,0
MiFishU,ESV_014700,CACCGCGGTTACACGAGAGGCCCTAGTTGATAACTACCGGCGTAAAGAGTGGTTATGGAAAAATATTTAATAAAGCCGAACACCCCCTCAGCCGTCATACGCACCTGGGAGCACGAAGACCTACTGCGAAAGCAGCTTTAACTATGCCTGACCCCACGACAGCTAAGAAA,Eukaryota,Chordata,Actinopteri,Salmoniformes,Salmonidae,Oncorhynchus,,99.4,4,0,0,0,0,0,0,0,0,0,0,0,0,0,0,0,0,0,0,0,0,0,0,0,0,48
MiFishU,ESV_014703,CACCGCGGTTATACGAGAGGCCCAAGTTGACGAACACCGGCGTAAAGTGTGGTTAAGTTAAAAATCGTACTAAAGCCAAACATCTTCAAGACTGTTATACGTAACCGAAGACAGGAAGTTCAACCACGAAAGTCGCTTTATTTGATCTGAATCCACGAAAGCTAAGGGA,Eukaryota,Chordata,Actinopteri,Perciformes,Cottidae,,,97.6,15,0,0,0,0,0,0,0,0,0,0,0,0,0,0,0,0,0,0,0,0,47,0,0,0,0
MiFishU,ESV_014923,CACCGCGGTTATACGAGAGGCCCTAGTTGATAACTACCGGCGTAAAGAGTGGTTATGGAAAAATATTTAATAAAGCCGAACACCCCCTCAGCCGTCATACGCACCTGGGGGCACGAAGATCTACTGCGAAAGCAGCTTTAACTATGCCTGACCCCACGACAGCTAAGAAA,Eukaryota,Chordata,Actinopteri,Salmoniformes,Salmonidae,Oncorhynchus,,98.8,4,17,0,0,0,0,0,0,0,0,0,0,0,0,0,0,0,18,0,0,0,0,0,0,9,0
MiFishU,ESV_016380,CACCGCGGTTAAACGAGAGGCCCTAGTTGATAGTACGACGGCGTAAAGGGTGGTTAAGGAAAGCAAACAATAAAGCCGAATGGCCCTTTGGCTGTCATACGCTTCTAGGTGTCCGAAGCCCAATATACGAAAGTAGCTTTAGAAAAGCCCACCTGACACCACGAAAGCTGAGGAA,Eukaryota,Chordata,Actinopteri,Cypriniformes,Leuciscidae,,,98.3,9,0,0,0,0,0,0,0,0,20,24,0,0,0,0,0,0,0,0,0,0,0,0,0,0,0
MiFishU,ESV_016412,CACCGCGGTTAAACGAGAGGCCCTAGTTGATAGTACAACGGCGTAAAGGGTGGTTAAGGAACGCAAATAATAAAGCCGAATGGCCCTTTGGCTGTCATACGCTTCTAGGTGTCCGAAGCCCAATATACGAAAGTAGCTTTAGAAAAACCCACCTGACACCACGAAAGCTGAGAAA,Eukaryota,Chordata,Actinopteri,Cypriniformes,Leuciscidae,,,98.9,3,0,0,0,0,0,0,0,0,0,39,0,0,0,0,0,0,0,0,0,0,0,0,0,0,0
MiFishU,ESV_010575,CACCGCGGTTATACGAGAGGCCCTAGTTGATAACTACCGGCGTAAAGAGTGGTTATGGAAAAATATTCAATAAAGCCGAACACCCCCTCAGCCGTCATACGCACCTGGGGGCACGAAGATCTACTGCGAAAGCAGCTTTAACTATGCCTGACCCCACGACAGCTAAGAAA,Eukaryota,Chordata,Actinopteri,Salmoniformes,Salmonidae,Oncorhynchus,,98.2,4,19,0,0,0,0,0,0,0,0,0,0,0,0,0,0,0,17,0,0,0,0,0,0,0,0
MiFishU,ESV_015896,CACCGCGGTTATACGAGAGGCCCTAGTTGATAGGCACGGCGTAAAGGGTGGTTAAGGGAGTACACAAATAAAGCCGAAGGACCCTCTGGCCGTTATACGCTTCTGGACGCCCGAAGCCCAAATACGAAAGTAGCTTTAATTTAGCCCGCCTGACCCCACAAAAACTGAGAAA,Eukaryota,Chordata,Actinopteri,Cypriniformes,Catostomidae,Deltistes,Deltistes luxatus,98.3,1,0,0,0,0,0,0,0,0,0,0,0,0,0,0,26,0,0,0,0,0,0,0,9,0,0
MiFishU,ESV_008510,CACCGCGGTTATACGAGAGACCCTAGTTGATAACTACCGGCGTAAAGAGTGGTTGCGGAAAAATATTCAATAAAGCCGAACACCCCCTCAGCCGTCATACGCACCTGGGGGCACGAAGATCTACTGCGAAAGCAGCTTTAATTATGCCTGAACCCACGACAGCTACGACA,Eukaryota,Chordata,Actinopteri,Salmoniformes,Salmonidae,Salmo,,99.4,4,34,0,0,0,0,0,0,0,0,0,0,0,0,0,0,0,0,0,0,0,0,0,0,0,0
MiFishU,ESV_014764,CACCGCGGTTATACGAGAGGCCCTAGTTGATAACTACCGGCGTAAAGAGTGGTTATGGAAAAATATTTAATAAAGCCGAACACCCCCTCAGCCGTCATACGCACCTGGGAGCACGAAGACCTACTGCGAAAGCAGCTTTAACTATGCCTGACCCAACGACAGCTAAGAAA,Eukaryota,Chordata,Actinopteri,Salmoniformes,Salmonidae,Oncorhynchus,,99.4,4,34,0,0,0,0,0,0,0,0,0,0,0,0,0,0,0,0,0,0,0,0,0,0,0,0
MiFishU,ESV_015514,CACCGCGGTTATACGAGAGGCCCTAGTTGATAAATACCGGCGTAAAGAGTGGTTACGAAAAAATGTTTAATAAAGCCGAACACCCCCTCAGCCGTCATACGCACCTGGAGGCACGAAGACCAACTGCGAAAGCAGCTTTAATTATACCCGAATCCACGACAGCTACGACA,Eukaryota,Chordata,Actinopteri,Salmoniformes,Salmonidae,Salvelinus,,99.4,3,0,0,0,0,0,34,0,0,0,0,0,0,0,0,0,0,0,0,0,0,0,0,0,0,0
MiFishU,ESV_001039,CACCGCGGTTAAACGAGAGGCCCTAGTTGATATTACAACGGCGTAAAGGGTGGTTAAGGACAGCAAATCAATAAAGTCGAATGGCCCTTTGGCTGTCATACGCTTCTAGGAGTCCGAAGCCCAATATACGAAAGTAACTTTAAGAATGCCCACCTGACCCCACGAAAGCTGAGAAA,Eukaryota,Chordata,Actinopteri,Cypriniformes,Leuciscidae,Pimephales,Pimephales promelas,100,1,0,0,0,0,0,0,0,34,0,0,0,0,0,0,0,0,0,0,0,0,0,0,0,0,0
MiFishU,ESV_016465,CACCGCGGTTAAACGAGAGGCCCTAGTTGATAGTACAACGGCGTAAAGGGTGGTTAAGGAACGCAAATAATAAAGCCGAATGGCCCTTTGGCTGTCATACGCTTCTAGGTGTCCGAAGCCCAATATACGAAAGTAGCTTTAGAAAGACCCACCTGACACCACGAAAGCTGAGAAA,Eukaryota,Chordata,Actinopteri,Cypriniformes,Leuciscidae,,,98.3,3,0,0,0,0,0,0,0,0,23,10,0,0,0,0,0,0,0,0,0,0,0,0,0,0,0
MiFishU,ESV_011924,CACCGCGGTTATACGAGAGGCCCTAGTTGATAACTACCGGCGTAAAGAGTGGTTATGGAAAAATATTTAATAAAGCCGAACACCCCCTCAGCCGTCATACGCGCCTGGGAGCACGAAGACCTACTGCGAAAGCAGCTTTAACTATGCCTGACCCCACGACAGCTAAGAAA,Eukaryota,Chordata,Actinopteri,Salmoniformes,Salmonidae,Oncorhynchus,,99.4,4,32,0,0,0,0,0,0,0,0,0,0,0,0,0,0,0,0,0,0,0,0,0,0,0,0
MiFishU,ESV_016474,CACCGCGGTTAAACGAGGGGCCCTAGTTGATAATACAACGGCGTAAAGGGTGGTTAAGGAACGCAAATAATAAAGCCGAATGGCCCTTTGGCTGTCATACGCTTCTAGGTGTCCGAAGCCCAATATACGAAAGTAGCTTTAGAAAAGCCCACCTGACACCACGAAAGCTGAGAAA,Eukaryota,Chordata,Actinopteri,Cypriniformes,Leuciscidae,Lavinia,Lavinia exilicauda,99.4,1,0,0,0,0,0,0,0,0,0,0,0,0,0,0,32,0,0,0,0,0,0,0,0,0,0
MiFishU,ESV_016464,CACCGCGGTTATACGAGAGACCCTAGTTGATAACTACCGGCGTAAAGAGTGGTTACGGAAAAATATTCAATAAAGCCGAACACCCCCTCAGCCGTCATACGCACCTGGGGGCACGAAGATCTACTGCGAAAGCAGCTTTAATCATGCCTGAACCCACGACAGCTACGACA,Eukaryota,Chordata,Actinopteri,Salmoniformes,Salmonidae,Salmo,,99.4,4,0,0,0,0,0,0,0,0,0,0,0,0,0,0,0,0,32,0,0,0,0,0,0,0,0
MiFishU,ESV_011940,CACCGCGGTTATACGAGAGGCCCTAGTTGATAACTACCGGCGTAAAGAGTGGTTATGGAAAAATATTTAATAAAGCCGAACACCCCCTCAGCCGTCATACGCACCTGGGAGCACGAAGACCTACTGCGAAAGCAGCTTTAACTATGCCTGGCCCCACGACAGCTAAGAAA,Eukaryota,Chordata,Actinopteri,Salmoniformes,Salmonidae,Oncorhynchus,,99.4,4,0,0,0,0,0,0,0,0,0,0,0,0,0,0,0,0,0,0,0,0,32,0,0,0,0
MiFishU,ESV_015524,CACCGCGGTTATACGAGAGGCCCTAGTTGATAGGCACGGCGTAAAGGGTGGTTAAGGGAGTACACAAATAAAGCCGAAGGACCCTCTGGCCGTTATACGCTTCTGGACGCCCGAAGCCCAAATACGAAAGTAGCTTTAATTTAGCCCACCTGACCCCACGGAAACTGAGAAA,Eukaryota,Chordata,Actinopteri,Cypriniformes,Catostomidae,Deltistes,Deltistes luxatus,98.8,1,0,0,0,0,0,0,0,0,0,0,0,0,0,0,0,0,0,0,0,0,0,0,32,0,0
MiFishU,ESV_016489,CACCGCGGTTAAACGAGAGGCCCTAGTTGATAATACAACGGCGTAAAGGGTGGTTAAGGAAAGCAAACAATAAAGCCGAATGGCCCTTTGGCTGTCATACGCTTCTAGGTGTCCGAAGCCCAATATACGAAAGTAGCTTTAGAAAGACCCACCTGACACCACGAAAGCTGAGAAA,Eukaryota,Chordata,Actinopteri,Cypriniformes,Leuciscidae,,,97.7,11,0,0,0,0,0,0,0,0,22,9,0,0,0,0,0,0,0,0,0,0,0,0,0,0,0
MiFishU,ESV_016486,CACCGCGGTTATACGAGAGGCCCTAGTTGATAGGCGCGGCGTAAAGGGTGGTTAAGGGAGTACACAAATAAAGCCGAAGGACCCTCTGGCCGTTATACGCTTCTGGACGCCCGAAGCCCAAATACGAAAGTAGCTTTAATTTAGCCCACCTGACCCCACGAAAACTGAGAAA,Eukaryota,Chordata,Actinopteri,Cypriniformes,Catostomidae,Deltistes,Deltistes luxatus,98.8,1,0,0,0,0,0,0,0,0,0,0,0,0,0,0,0,31,0,0,0,0,0,0,0,0,0
MiFishU,ESV_014796,CACCGCGGTTATACGAGAGGCCCTAGTTGATAACTACCGGCGTAAAGAGTGGTTATGGAAAAATATTTAATAAAGCCGAACACCCCCTCAGCCGTCATACGCACCTGGGAGCACGAAGACCTACTGCAAAAGCAGCTTTAACTACGCCTGACCCCACGACAGCTAAGAAA,Eukaryota,Chordata,Actinopteri,Salmoniformes,Salmonidae,Oncorhynchus,,99.4,2,30,0,0,0,0,0,0,0,0,0,0,0,0,0,0,0,0,0,0,0,0,0,0,0,0
MiFishU,ESV_012398,CACCGCGGTTATACGAGAGGCCCTAGTTGATAAATACCGGCGTAAAGAGTGGTTACGAAAAAATGTTTAATAAAGCCGAACACCCCCTCAGCCGTCATACGCACCTGGGGGCACGAAGATCTACTGCGAAAGCAGCTTTAATTATGCCTGAACCCACGACAGCTACGACA,Eukaryota,Chordata,Actinopteri,Salmoniformes,Salmonidae,,,97.6,14,0,0,0,0,0,30,0,0,0,0,0,0,0,0,0,0,0,0,0,0,0,0,0,0,0
MiFishU,ESV_016485,CACCGCGGTTGAACGAGAGGCCCTAGTTGATAGTACAACGGCGTAAAGGGTGGTTAAGGAACGCAAATAATAAAGCCGAATGGCCCTTTGGCTGTCATACGCTTCTAGGTGTCCGAAGCCCAATATACGAAAGTAGCTTTAGAAAAGCCCACCTGACACCACGAAAGCTGAGAAA,Eukaryota,Chordata,Actinopteri,Cypriniformes,Leuciscidae,,,98.9,3,0,0,0,0,0,0,0,0,0,30,0,0,0,0,0,0,0,0,0,0,0,0,0,0,0
MiFishU,ESV_015562,CACCGCGGTTATACGAGAGGCCCAAGTTGACGAACACCGGCGTAAAGTGTGGTTAAGTTAAAAATCGTACTAAAGCCGAACATCTTCAAGACTGTTATACGTAACCGAAGACAGGAAGTTCAACCACGAAAGTCGCTTTATCTGATCTGAATCCACGAAAGCTAAGGAA,Eukaryota,Chordata,Actinopteri,Perciformes,Cottidae,,,98.2,15,0,0,0,0,27,0,0,0,0,0,0,0,0,0,0,0,0,0,0,0,0,0,0,0,0
MiFishU,ESV_014815,CACCGCGGTTATACGAGAGGCCCTAGTTGATAACTACCGGCGTAAAGAGTGGTTATGGAAAAATATTTAATAAAGCCGAACACCCCCTCAGCCGTCATACGCACCTGGGAGTACGAAGACCTACTGCGAAAGCAGCTTTAACTATGCCTGACCCCACGACAGCTAAGAAA,Eukaryota,Chordata,Actinopteri,Salmoniformes,Salmonidae,Oncorhynchus,,99.4,4,0,0,0,0,0,0,0,0,0,0,0,0,0,0,0,0,0,27,0,0,0,0,0,0,0
MiFishU,ESV_014818,CACCGCGGTTATACGAGAGGCCCAAGTTGATGAACACCGGCGTAAAGTGTGGTTAAGTTAAAAATCGTACTAAAGCCAAACATCTTCAAGACTGTTATACGTAACCGAAGACAGGAAGTTCAACCACGAAAGTCGCTTTATTTGATCTGAATCCACGAAAGCTAAGGGA,Eukaryota,Chordata,Actinopteri,Perciformes,Cottidae,,,97,15,0,0,0,0,0,0,0,0,0,0,0,0,0,0,0,0,0,0,0,0,27,0,0,0,0
MiFishU,ESV_015558,CACCGCGGTTATACGAGAGGCCCTAGTTGATAGGCACGGCGTAAAGGGTGGTTAAGGGAGTACACAAATAAAGCCGAAGGACCCTCTGGCCGTTATACGCTTCTGGACGCCCGAAGCCCAAATACGAAAGTAGCTTTAATTTAGCCCCCCTGACCCCACGAAAACTGAGAAA,Eukaryota,Chordata,Actinopteri,Cypriniformes,Catostomidae,Deltistes,Deltistes luxatus,98.8,1,0,0,0,0,0,0,0,0,0,0,0,0,0,0,0,0,0,0,0,0,0,0,27,0,0
MiFishU,ESV_015564,CACCGCGGTTATACGAGAGGCCCAAGTTGACGAACACCGGCGTAAAGTGTGGTTAAGTTAAAAATCGTACTAAAGCCAAACATCTTCAAGACTGTTATACGTAACCGAAGACAGGAAGTTCAACCATGAAAGTCGCTTTATCTGATCTGAATCCACGAAAGCTAAGGAA,Eukaryota,Chordata,Actinopteri,Perciformes,Cottidae,,,98.2,15,0,0,0,0,26,0,0,0,0,0,0,0,0,0,0,0,0,0,0,0,0,0,0,0,0
MiFishU,ESV_016561,CACCGCGGTTAAACGAGAGGCCCTAGTTGATAATACAACGGCGTAAAGGGTGGTTAAGGAACGCAAATAATAAAGCCGAATGGCCCTTTGGCTGTCATACGCTTCTAGGTGTCCGAAGCCCAATATACGAAAGTAGCTTTAATTTAGCCCACCTGACCCCACGAAAACTGAGAAA,Eukaryota,Chordata,Actinopteri,Cypriniformes,Leuciscidae,,,96.6,2,0,0,0,0,0,0,0,0,14,0,0,0,0,0,0,0,0,0,10,0,0,0,0,0,0
MiFishU,ESV_010674,CACCGCGGTTATACGAGAGGCCCTAGTTGATAACTACCGGCGTAAAGAGTGGTTACGGAAAAATATTCAATAAAGCCGAACACCCCCTCAGCCGTCATACGCACCTGGGGGCACGAAGATCTACTGCGAAAGCAGCTTTAACTATGCCTGACCCCACGACAGCTAAGAAA,Eukaryota,Chordata,Actinopteri,Salmoniformes,Salmonidae,,,97.6,9,10,0,0,0,0,0,0,0,0,0,0,0,0,0,0,0,14,0,0,0,0,0,0,0,0
MiFishU,ESV_010112,CACCGCGGTTATACGAGAGGCCCTAGTTGATAAATACCGGCGTAAAGAGTGGTTACGAAAAAATGTTTAATAAAGCCGAACACCCCCTCAGCCGTCATACGCACCTGGAGGCACGAAGACCTACTGCGAAAGCAGCTTTAATTATGCCTGAACCCACGACAGCTACGACA,Eukaryota,Chordata,Actinopteri,Salmoniformes,Salmonidae,Salvelinus,,98.2,3,0,0,0,0,0,24,0,0,0,0,0,0,0,0,0,0,0,0,0,0,0,0,0,0,0
MiFishU,ESV_016556,CACCGCGGTTATACGAGAGGCCCAAGTTGACAAACCCCGGCGTAAAGAGTGGTTAAGAAAAATTTAAAACTAAAGCCGAATGCCCTCAAAGCTGTTATACGCACCCGAAGGTAAGAAGCCCAATCGCGAAAGTGGCTTTACATTTCCCGAACCCACGAAAGCTATGAAA,Eukaryota,Chordata,Actinopteri,Centrarchiformes,Centrarchidae,Micropterus,Micropterus salmoides,99.4,1,0,0,0,0,0,0,24,0,0,0,0,0,0,0,0,0,0,0,0,0,0,0,0,0,0
MiFishU,ESV_014844,CACCGCGGTTATACGAGAGGCCCAAGTTGACGAACACCGGCGTAAAGTGTGGTTAAGTTAAAAATCGTACTAAAGCCTAACATCTTCAAGACTGTTGTACGTAACCGAAGACAGGAAGTTCAACCACGAAAGTCGCTTTATCTGATCTGAATCCACGAAAGCTAAGGAA,Eukaryota,Chordata,Actinopteri,Perciformes,Cottidae,,,97.6,15,0,0,0,0,0,0,0,0,0,0,0,0,0,0,0,0,0,0,0,0,24,0,0,0,0
MiFishU,ESV_014838,CACCGCGGTTATACGAGGGGCCCAAGTTGACGAACACCGGCGTAAAGTGTGGTTAAGTTAAAAATCGTACTAAAGCCAAACATCTTCAAGACTGTTATACGTAACCGAAGACAGGAAGTTCAACCACGAAAGTCGCTTTATCTGATCTGAATCCACGAAAGCTAAGGAA,Eukaryota,Chordata,Actinopteri,Perciformes,Cottidae,,,98.2,15,0,0,0,0,0,0,0,0,0,0,0,0,0,0,0,0,0,0,0,0,24,0,0,0,0
MiFishU,ESV_015588,CGCCGCGGTTAAACGAGAGGCCCTAGTTGATAGTACAACGGCGTAAAGGGTGGTTAAGGATACTAAAATAATAAAGTCGAATGGCCCTTTGGCTGTCATACGCTTCTAGGAGTCCGAAGCCCGATATACGAAAGTAGCTTTAGGAAAGCCCACCTGACCCCACGAAAGCTGAGAAA,Eukaryota,Chordata,Actinopteri,Cypriniformes,Leuciscidae,Rhinichthys,Rhinichthys atratulus,99.4,1,0,0,0,0,0,0,0,0,0,0,0,0,0,0,0,0,0,0,0,0,0,0,0,24,0
MiFishU,ESV_015585,CACCGCGGTTATACGAGAGGCCCTAGTTGATAAATACCGGCGTAAAGAGTGGTTACGAAAAAATGTTTAATAAAGCCGAACACCCCCTCAGCCGTCATACGCACCTTGAGGCACGAAGACCTACTGCGAAAGCAGCTTTAATTATACCCGAATCCACGACAGCTACGACA,Eukaryota,Chordata,Actinopteri,Salmoniformes,Salmonidae,Salvelinus,,99.4,3,0,0,0,0,0,23,0,0,0,0,0,0,0,0,0,0,0,0,0,0,0,0,0,0,0
MiFishU,ESV_014852,CACCGCGGTTATACGAGAGGCCCTAGTTGATAACTACCGGCGTAAAGAGTGGTTATGGGAAAATATTTAATAAAGCCGAACACCCCCTCAGCCGTCATACGCACCTGGGAGCACGAAGACCTACTGCGAAAGCAGCTTTAACTATGCCTGACCCCACGACAGCTAAGAAA,Eukaryota,Chordata,Actinopteri,Salmoniformes,Salmonidae,Oncorhynchus,,99.4,4,23,0,0,0,0,0,0,0,0,0,0,0,0,0,0,0,0,0,0,0,0,0,0,0,0
MiFishU,ESV_016583,CACCGCGGTTATACGAGAGGCCCTAGTTGATAGTACGACGGCGTAAAGGGTGGTTAAGGGAGTACACAAATAAAGCCGAAGGACCCTCTGGCCGTTATACGCTTCTGGACGCCCGAAGCCCAAATACGAAAGTAGCTTTAATTTAGCCCACCTGACCCCACGAAAACTGAGAAA,Eukaryota,Chordata,Actinopteri,Cypriniformes,Catostomidae,Deltistes,Deltistes luxatus,97.1,1,0,0,0,0,0,0,0,0,0,0,0,0,0,0,23,0,0,0,0,0,0,0,0,0,0
MiFishU,ESV_016571,CACCGCGGTTAAACGAGAGGCCCTAGTTGATAGGCACGGCGTAAAGGGTGGTTAAGGAAAGCAAACAATAAAGCCGAATGGCCCTTTGGCTGTCATACGCTTCTAGGTGTCCGAAGCCCAATATACGAAAGTAGCTTTAGAAAGGCCCACCTGACACCACGAAAGCTGAGAAA,Eukaryota,Chordata,Actinopteri,Cypriniformes,Leuciscidae,,,96.6,8,0,0,0,0,0,0,0,0,0,0,0,0,0,0,23,0,0,0,0,0,0,0,0,0,0
MiFishU,ESV_014858,CACCGCGGTTATACGAGAGGCTCAAGTTGATAAACCCCGGCGTAAAGAGTGGTTAAGGAAAAATAGAAACTAAAGCCGAATGCTTTCAAGACTGTTATACGTTCCCGAGAGTAAGAAGGCCAATTACGAAAGTGGCTTTACTTCACCTGACCCCACGAAAGCTACGACA,Eukaryota,Chordata,Actinopteri,Centrarchiformes,Centrarchidae,Lepomis,Lepomis cyanellus,98.8,1,0,0,0,0,0,0,0,0,0,0,0,0,0,0,0,0,0,0,0,0,0,23,0,0,0
MiFishU,ESV_016586,CACCGCGGTTAAACGAGAGGCCCTAGTTGATAGTACGACGGCGTAAAGGGTGGTTAAGGAAAGCAAACAATAAAGCCGAATGGCCCTTTGGCTGTCATACGCTTCTAGGTGTCCGAAGCCCAACATACGAAAGTAGCTTTAGAAAAGCCCACCTGACACCACGAAAGCTGAGAAA,Eukaryota,Chordata,Actinopteri,Cypriniformes,Leuciscidae,,,98.3,8,0,0,22,0,0,0,0,0,0,0,0,0,0,0,0,0,0,0,0,0,0,0,0,0,0
MiFishU,ESV_014857,CACCGCGGTTATACGAGAGGCCCTAGTTGATAACTACCGGCGTAAAGAGTGGTTATGGAAAAATATTTAATAAAGCCGAACACCCCCTCGGCCGTCATACGCACCTGGGAGCACGAAGACCTACTGCAAAAGCAGCTTTAACTATGCCTGACCCCACGACAGCTAAGAAA,Eukaryota,Chordata,Actinopteri,Salmoniformes,Salmonidae,Oncorhynchus,,99.4,2,22,0,0,0,0,0,0,0,0,0,0,0,0,0,0,0,0,0,0,0,0,0,0,0,0
MiFishU,ESV_016581,CACCGCGGTAATACGAGAGGCCCTAGTTGATAAACATGGTGTAAAGGGTGGTTAAGGGAGTGTAAAAATAAAGCCGAATGACCCTCTGGCCGTTATACGCTTCTAGGCGCCTGAAGCCCAAACACGAAAGTAGCTTTAATTTAGCCCGCCTGACCCCACAAAAACTGAGAAA,Eukaryota,Chordata,Actinopteri,Cypriniformes,Catostomidae,Catostomus,,94.2,2,0,0,0,0,0,0,0,0,0,0,0,0,0,0,22,0,0,0,0,0,0,0,0,0,0
MiFishU,ESV_012934,CACCGCGGTTATACGAGAGGCCCAAGTTGACAAACACCGGCGTAAAGCGTGGTTAAGTTAGAAATCGTACTAAAGCCAAACATCTTCAAGACTGTTATACGTAACCGAAGACAGGAAGTTCAACCACGAAAGTCGCTTTATCTGATCTGAATCCACGAAAGCTAAGGAA,Eukaryota,Chordata,Actinopteri,Perciformes,Cottidae,,,99.4,15,0,0,0,21,0,0,0,0,0,0,0,0,0,0,0,0,0,0,0,0,0,0,0,0,0
MiFishU,ESV_015608,CACCGCGGCTAAACGAGAGGCCCTAGTTGATAGTACGACGGCGTAAAGGGTGGTTAAGGAAAGCAAACAATAAAGCCGAATGGCCCTTTGGCTGTCATACGCTTCTAGGTGTCCGAAGCCCAATATACGAAAGTAGCTTTAGAAAAGCCCACCTGACACCACGAAAGCTGAGAAA,Eukaryota,Chordata,Actinopteri,Cypriniformes,Leuciscidae,,,98.3,8,0,0,0,0,0,0,0,21,0,0,0,0,0,0,0,0,0,0,0,0,0,0,0,0,0
MiFishU,ESV_016642,CACCGCGGTTAAACGAGAGGCCCTAGTTGATAATACAACGGCGTAAAGGGTGGTTAAGGAACGCAAATAATAAAGCCGAATGGCCCTTTAGCTGTCATACGCTTCTAGGTGTCCGAAGCCCAATATACGAAAGTAGCTTTAGAAAGGCCCACCTGACACCACGAAAGCTGAGAAA,Eukaryota,Chordata,Actinopteri,Cypriniformes,Leuciscidae,Lavinia,Lavinia exilicauda,98.9,1,0,0,0,0,0,0,0,0,0,19,0,0,0,0,0,0,0,0,0,0,0,0,0,0,0
MiFishU,ESV_014911,CACCGCGGTTATACGAGAGGCTCAAGTTGATAAACCCCGGCGTAAAGAGTGGTTAAGGAAAAATAGAAACTAAAGCCGAATGCTTTCAAGACTGTTATGCGTTCCCGAGAGTAAGAAGACCAATTACGAAAGTGGCTTTACTTTACCTGACCCCACGAAAGCTACGACA,Eukaryota,Chordata,Actinopteri,Centrarchiformes,Centrarchidae,Lepomis,Lepomis cyanellus,99.4,1,0,0,0,0,0,0,0,0,0,0,0,0,0,0,0,0,0,18,0,0,0,0,0,0,0
MiFishU,ESV_016671,CACCGCGGTTAAACGAGAGGCCCTAGTTGATAATACAACGGCGTAAAGGGTGGTTAAGGAACGCAAATAATAAAGCCGAATAGCCCTTTGGCTGTCATACGCTTCTAGGTGTCCGAAGCACAATATACGAAAGTAGCTTTAGAAAAGCCCACCTGACACCACGAAAGCTGAGAAA,Eukaryota,Chordata,Actinopteri,Cypriniformes,Leuciscidae,Lavinia,Lavinia exilicauda,98.9,1,0,0,0,0,0,0,0,0,0,0,0,0,0,0,0,0,0,0,18,0,0,0,0,0,0
MiFishU,ESV_014901,CACCGCGGTTATACGAGAGGCCCTAGTTGATAGGCACGGCGTAAAGGGTGGTTAAGGGAGTACACAAATAAAGCCGAAGGACCCTCTGGCTGTTATACGCTTCTGGACGCCCGAAGCCCAAATACGAAAGTAGCTTTAATTTAGCCCACCTGACCCCACGAAGACTGAGAAA,Eukaryota,Chordata,Actinopteri,Cypriniformes,Catostomidae,Deltistes,Deltistes luxatus,98.3,1,0,0,0,0,0,0,0,0,0,0,0,0,0,0,0,0,0,0,0,0,0,0,0,0,18
MiFishU,ESV_014931,CACCGCGGTTATACGAGAGGCCCTAGTTGATAACTACCGGCGTAAAGAGTGGTTATGGAAAAATATTTAATAAAGCCGAACACCCACTCAGCCGTCATACGCACCTGGGGGCACGAAGATCTACTGCGAAAGCAGCTTTAATTATGCCTGAACCCACGACAGCTACGACA,Eukaryota,Chordata,Actinopteri,Salmoniformes,Salmonidae,,,97.6,8,17,0,0,0,0,0,0,0,0,0,0,0,0,0,0,0,0,0,0,0,0,0,0,0,0
MiFishU,ESV_015401,CACCGCGGTTATACGAGAGGCCCTAGTTGATAACTACCGGCGTAAAGAGTGGTTATGGAAAAATATTTAATAAAGCCGAACACCCCCTCAGCCGTCATACGCACCTGGAGGCACGAAGACCTACTGCGAAAGCAGCTTTAACTATGCCTGACCCCACGACAGCTAAGAAA,Eukaryota,Chordata,Actinopteri,Salmoniformes,Salmonidae,Oncorhynchus,,98.8,4,0,0,0,0,0,0,0,0,0,0,0,0,0,17,0,0,0,0,0,0,0,0,0,0,0
MiFishU,ESV_014922,CACCGCGGTTATACGAGAGGCCCTAGTTGATAAATACCGGCGTAAAGAGTGGTTACGAAAAAATGTTTAATAAAGCCGAACACCCCCTCAGCCGTCATACGCACCTGGAGGCACGAAGACCTACTGCGAAAGCAGCCTTAATTATACCCGAATCCACGACAGCTACGACA,Eukaryota,Chordata,Actinopteri,Salmoniformes,Salmonidae,Salvelinus,,99.4,3,0,0,0,0,0,0,0,0,0,0,0,0,0,0,0,0,0,0,0,0,17,0,0,0,0
MiFishU,ESV_014939,CACCGCGGTTATACGAGAGGCCCAAGTTGGTGAACACCGGCGTAAAGTGTGGTTAAGTTAAAAATCGTACTAAAGCCAAACATCTTCAAGACTGTTATACGCAACCGAAGACAGGAAGTTCAACCACGAAAGTCGCTTTATCTGATCTGAATCCACGAAAGCTAAGGAA,Eukaryota,Chordata,Actinopteri,Perciformes,Cottidae,,,97,15,0,0,0,0,0,0,0,0,0,0,0,0,0,0,0,0,0,0,0,0,16,0,0,0,0
MiFishU,ESV_014937,CACCGCGGTTATACGAGAGGCCCTAGTTGATAAATACCGGCGTAAAGAGTGGTTACGAAAAAATGTTTAATAAGGCCGAACACCCCCTCAGCCGTCATACGCACCTGGAGGCACGAAGACCTACTGCGAAAGCAGCTTTAATTATACCCGAATCCACGACAGCTACGACA,Eukaryota,Chordata,Actinopteri,Salmoniformes,Salmonidae,Salvelinus,,99.4,3,0,0,0,0,0,0,0,0,0,0,0,0,0,0,0,0,0,0,0,0,16,0,0,0,0
MiFishU,ESV_015199,CACCGCGGTTAAACGAGAGGCCCTAGTTGATGTTACAACGGCGTAAAGGGTGGTTAAGGACAGTGAAATAATAAAGTCGAATGGCCCTTTGGCTGTCATACGCTTCTAGGAGTCCGAAGCCCAATATACGAAAGTAGCTTTAGAAAAGCCCACCCGATCCCACGAAAGCTGAGAAA,Eukaryota,Chordata,Actinopteri,Cypriniformes,Leuciscidae,,,97.2,3,0,0,0,0,0,0,0,15,0,0,0,0,0,0,0,0,0,0,0,0,0,0,0,0,0
MiFishU,ESV_015325,CACCGCGGTTATACGAGAGGCCCTAGTTGATAAATACCGGCGTAAAGAGTGGTTACGAAAAAATGTTTAATAAAGCCGAACACCCCCTCAGCCGTCATACGCACCTGGGAGCACGAAGACCTACTGCGAAAGCAGCTTTAACTATACCTGACCCCACGACAGCTAAGAAA,Eukaryota,Chordata,Actinopteri,Salmoniformes,Salmonidae,Oncorhynchus,,97.6,3,0,0,0,0,0,0,0,0,0,0,0,0,0,15,0,0,0,0,0,0,0,0,0,0,0
MiFishU,ESV_016744,CACCGCGGTTAAACGAGAGGCCCTAGTTGGTAATACAACGGCGTAAAGGGTGGTTAAGGAACGCAAATAATAAAGCCAAATGGCCCTTTGGCTGTCATACGCTTCTAGGTGTCCGAAGCCCAATATACGAAAGTAGCTTTAGAAAAGCCCACCTGACACCACGAAAGCTGAGAAA,Eukaryota,Chordata,Actinopteri,Cypriniformes,Leuciscidae,,,98.9,2,0,0,0,0,0,0,0,0,0,15,0,0,0,0,0,0,0,0,0,0,0,0,0,0,0
MiFishU,ESV_012333,CACCGCGGTTATACGAGAGGCCCTAGTTGATAACTACCGGCGTAAAGAGTGGTTATGGAAAAATATTTAATAAAGCCGAACACCCCCTCAGCCGTCATACGCACCTGGGAGCACGAAGACCTACTGCGAAAGCAGCTTTAATTACACCTGACCCCACGACAGCTAAGAAA,Eukaryota,Chordata,Actinopteri,Salmoniformes,Salmonidae,Oncorhynchus,,99.4,3,0,0,0,0,0,0,0,0,0,0,0,15,0,0,0,0,0,0,0,0,0,0,0,0,0
MiFishU,ESV_014954,CACCGCGGTTATACGAGAGGCCCTAGTTGATAACTACCGGCGTAAAGAGTGGTTATGGAAAAATATTTAATAAAGCCGAACACCCCCTCAGCCGCCATACGCACCTGGGAGCACGAAGACCTACTGCGAAAGCAGCTTTAACTATGCCTGACCCCACGACAGCCAAGAAA,Eukaryota,Chordata,Actinopteri,Salmoniformes,Salmonidae,Oncorhynchus,,98.8,4,0,0,0,0,0,0,0,0,0,0,0,0,0,0,0,0,0,0,0,0,0,0,0,0,15
MiFishU,ESV_016760,CACCGCGGTTAAACGAGAGGCCCTAGTTGATAATACAACGGCGTAAAGGGTGGTTAAGGGAGTACACAAATAAAGCCGAAGGACCCTCTGGCCGTTATACGCTTCTGGACGCCCGAAGCCCAAATACGAAAGTAGCTTTAATTTAGCCCACCTGACCCCACGAAAACTGAGAAA,Eukaryota,Chordata,Actinopteri,Cypriniformes,Catostomidae,Deltistes,Deltistes luxatus,96,1,0,0,0,0,0,0,0,0,14,0,0,0,0,0,0,0,0,0,0,0,0,0,0,0,0
MiFishU,ESV_016765,CACCGCGGTTATACGAGAGGCCCTAGTTGATAGGCACGGCGTAAAGGGTGGTTAAGGGAGTACACAAATAAAGCCGAAGGACCCTCCGGCCGTTATACGCTTCTGGACGCCCGAAGCCCAAATACGAAAGTAGCTTTAATTTAGCCCACCTGACCCCACGAAAACTGAGAAA,Eukaryota,Chordata,Actinopteri,Cypriniformes,Catostomidae,Deltistes,Deltistes luxatus,98.8,1,0,0,14,0,0,0,0,0,0,0,0,0,0,0,0,0,0,0,0,0,0,0,0,0,0
MiFishU,ESV_014962,CACCGCGGTTATACGAGAGGCCCTAGTTGATAACTACCGGCGTAAAGAGTGGTTATGGAAAAATATTTAATAAAGCCGAACACCCCCTCAGCCGTCATACGCACCTGGGAGCACGGAGACCTACTGCGAAAGCAGCTTTAACTATGCCTGACCCCACGACAGCTAAGAAA,Eukaryota,Chordata,Actinopteri,Salmoniformes,Salmonidae,Oncorhynchus,,99.4,4,14,0,0,0,0,0,0,0,0,0,0,0,0,0,0,0,0,0,0,0,0,0,0,0,0
MiFishU,ESV_014981,CACCGCGGTTATACGAGAGGCCCTAGTTGATGACTACCGGCGTAAAGAGTGGTTATGGAAAAAATATTTAATAAAGCCGAACACCCCCTCAGCCGTCATACGCACCTGGGAGCACGAAGACCTACTGCGAAAGCAGCTTTAACTATGCCTGACCCCACGACAGCTAAGAAA,Eukaryota,Chordata,Actinopteri,Salmoniformes,Salmonidae,Oncorhynchus,,98.8,4,14,0,0,0,0,0,0,0,0,0,0,0,0,0,0,0,0,0,0,0,0,0,0,0,0
MiFishU,ESV_014961,CACCGCGGTTATACGAGAGGCCCAAGTTGACGAACACCGGCGTAAAGTGTGGTTAAGTTAAAAATCGTACTAAAGCCAAACATCTTCAAGACTGTTATACGTAACCGAAGACAGGAAGTTCAACCACGAAGGTCGCTTTATCTGATCTGAATCCACGAAAGCTAAGGAA,Eukaryota,Chordata,Actinopteri,Perciformes,Cottidae,,,98.2,15,0,0,0,0,0,0,0,0,0,0,0,0,0,0,0,0,0,0,0,0,14,0,0,0,0
MiFishU,ESV_015014,CACCGCGGTTATACGAGAGACCCTAGTTGATAACTACCGGCGTAAAGAGTGGTTACGGAAAAATATTCAATAAAGCCGAACACCCACTCAGCCGTCATACGCACCTGGGGGCACGAAGATCTACTGCGAAAGCAGCTTTAACTATGCCTGACCCCACGACAGCTAAGAAA,Eukaryota,Chordata,Actinopteri,Salmoniformes,Salmonidae,Salmo,,97.6,3,13,0,0,0,0,0,0,0,0,0,0,0,0,0,0,0,0,0,0,0,0,0,0,0,0
MiFishU,ESV_016774,CACCGCGGTTATACGAGAGGCCCTAGTTGATAGGCACGGCGTAAAGGGTGGTTAAGGGGGTACACAAATAAAGCCGAAGGACCCTCTGGCCGTTATACGCTTCTGGACGCCCGAAGCCCAAATACGAAAGTAGCTTTAATTTAGCCCACCTGACCCCACGAAAACTGAGAAA,Eukaryota,Chordata,Actinopteri,Cypriniformes,Catostomidae,Deltistes,Deltistes luxatus,98.8,1,0,0,13,0,0,0,0,0,0,0,0,0,0,0,0,0,0,0,0,0,0,0,0,0,0
MiFishU,ESV_016779,CACCGCGGTTATACGAGAGACCCTAGTTGATAACTACCGGCGTAAAGAGTGGTTACGGAAAAATATTCAATAAAGCCGAACACCCCCTCAGCCGTCATACGCACCTGGGGGCACGAAGACCTACTGCGAAAGCAGCTTTAATTACACCTGACCCCACGACAGCTAAGAAA,Eukaryota,Chordata,Actinopteri,Salmoniformes,Salmonidae,Oncorhynchus,Oncorhynchus tshawytscha,98.2,1,0,0,0,0,0,0,13,0,0,0,0,0,0,0,0,0,0,0,0,0,0,0,0,0,0
MiFishU,ESV_016802,CACCGCGGTTATACGAGAGACCCTAGTTGATAACTACCGGCGTAAAGAGTGGTTACGGAAAGATATTCAATAAAGCCGAACACCCCCTCAGCCGTCATACGCACCTGGGGGCACGAAGATCTACTGCGAAAGCAGCTTTAATCATGCCTGAACCCACGACAGCTACGACA,Eukaryota,Chordata,Actinopteri,Salmoniformes,Salmonidae,Salmo,,98.8,4,0,0,0,0,0,0,0,0,0,0,0,0,0,0,0,0,13,0,0,0,0,0,0,0,0
MiFishU,ESV_015005,CACCGCGGTTATACGAGAGGCCCTAGTTGATAACTACCGGCGTAAAGAGTGGTTATGGAAAAATATTTAATAAAGCCGAACACCCCCTCAGCCGTCATACGCACCTGGGAGCACGAAGACCTACTGCGAAGGCAGCTTTAACTATGCCTGACCCCACGACAGCTAAGAAG,Eukaryota,Chordata,Actinopteri,Salmoniformes,Salmonidae,Oncorhynchus,,98.8,4,0,0,0,0,0,0,0,0,0,0,0,0,0,0,0,0,0,0,0,0,0,0,0,0,13
MiFishU,ESV_016824,CACCGCGGTTATACGAGAGGCCCTAGCTGATAGGCACGGCGTAAAGGGTGGTTAAGGGAGTACACAAATAAAGCCGAAGGACCCTCTGGCCGTTATACGCTTCTGGACGCCCGAAGCCCAAATACGAAAGTAGCTTTAATTTAGCCCACCTGACCCCACGAAAACTGAGAAA,Eukaryota,Chordata,Actinopteri,Cypriniformes,Catostomidae,Deltistes,Deltistes luxatus,98.8,1,0,0,12,0,0,0,0,0,0,0,0,0,0,0,0,0,0,0,0,0,0,0,0,0,0
MiFishU,ESV_015033,CACCGCGGTTATACGAGAGGCCCTAGTTGATAACTACCGGCGTAAAGAGTGGTTATGGAAAAATATTCAATAAAGCCGAACACCCACTCAGCCGTCATACGCACCTGGGGGCACGAAGATCTACTGCGAAAGCAGCTTTAATTATGCCTGAACCCACGACAGCTACGACA,Eukaryota,Chordata,Actinopteri,Salmoniformes,Salmonidae,Salmo,,98.2,5,12,0,0,0,0,0,0,0,0,0,0,0,0,0,0,0,0,0,0,0,0,0,0,0,0
MiFishU,ESV_016855,CACCGCGGTTATACGAGAGGCCCTAGTTGATAACTACCGGCGTAAAGAGTGGTTATGGAAAGATATTTAATAAAGCCGAACACCCCCTCAGCCGCCATACGCACCTGGGAGCACGAAGACCTACCGCGAAAGCAGCTTTAATTACGCTTGACCCCACGACAGCTAAGAAA,Eukaryota,Chordata,Actinopteri,Salmoniformes,Salmonidae,Oncorhynchus,Oncorhynchus kisutch,98.8,1,0,0,0,0,0,0,0,0,0,12,0,0,0,0,0,0,0,0,0,0,0,0,0,0,0
MiFishU,ESV_015029,CACCGCGGTTATACGAGAGACCCTAGTTGATAACTACCGGCGTAAAGAGTGGTTACGGAAAAATATTTAATAAAGCCGAACACCCCCTCAGCCGTCATACGCACCTGGGAGCACGAAGACCTACTGCGAAAGCAGCTTTAATTATGCCTGAACCCACGACAGCTACGACA,Eukaryota,Chordata,Actinopteri,Salmoniformes,Salmonidae,Salmo,,98.2,4,0,0,0,0,0,0,0,0,0,0,0,0,0,0,0,0,0,12,0,0,0,0,0,0,0
MiFishU,ESV_012091,CACCGCGGTTATACGAGAGGCCCTAGTTGATAACTACCGGCGTAAAGAGTGGTTATGGAAAAATATTTAATAAAGCCGAACACCCCCTCAGCCGTCATACGCACCTGGGAGCACGAAGACCTACTGCGAAAGCAGCTTTAACTATGCCCGACCCCACGACAGCTAAGAAA,Eukaryota,Chordata,Actinopteri,Salmoniformes,Salmonidae,Oncorhynchus,,99.4,4,0,0,0,0,0,0,0,0,0,0,0,0,0,0,0,0,0,12,0,0,0,0,0,0,0
MiFishU,ESV_016845,CACCGCGGTTATACGAGAGGCCCTAGTTGATAATACAACGGCGTAAAGGGTGGTTAAGGAAAGCAAACAATAAAGCCGAATGGCCCTTTGGCTGTCATACGCTTCTAGGTGTCCGAAGCCCAATATACGAAAGTAGCTTTAGAAAGGCCCACCTGACACCACGAAAGCTGAGAAA,Eukaryota,Chordata,Actinopteri,Cypriniformes,Leuciscidae,,,98.3,5,0,0,0,0,0,0,0,0,0,0,0,0,0,0,12,0,0,0,0,0,0,0,0,0,0
MiFishU,ESV_015028,CACCGCGGTTATACGAGAGACCCTAGTTGATAACTACCGGCGTAAAGAGTGGTTACGGAAAAATATTCAATAAAGCCGAACACCCCCTCAGCCGTCATACGCACCTGGGAGTACGAAGACCTACTGCGAAAGCAGCTTTAACTATGCCTGACCCCACGACAGCTAAGAAA,Eukaryota,Chordata,Actinopteri,Salmoniformes,Salmonidae,Oncorhynchus,,98.2,2,0,0,0,0,0,0,0,0,0,0,0,0,0,0,0,0,0,12,0,0,0,0,0,0,0
MiFishU,ESV_000104,CACCGCGGTTATACGAGAGACCCTAGTTGATAACTACCGGCGTAAAGAGTGGTTACGGAAAAATATTCAATAAAGCCGAACACCCCCTCAGCCGTCATACGCACCTGGGGGCACGGAGATCTACTGCGAAAGCAGCTTTAATTATGCCTGAACCCACGACAGCTACGACA,Eukaryota,Chordata,Actinopteri,Salmoniformes,Salmonidae,Salmo,,99.4,4,11,0,0,0,0,0,0,0,0,0,0,0,0,0,0,0,0,0,0,0,0,0,0,0,0
MiFishU,ESV_016848,CACCGCGGTTAAACGAGAGGCCCTAGTTGATAGTACAACGGCGTAAAGGGTGGTTAAGGAACGCGAATAATAAAGCCGAATGGCCCTTTGGCTGTCATACGCTTCTAGGTGTCCGAAGCCCAATATACGAAAGTAGCTTTAGAAAAGCCCACCTGACACCACGAAAGCTGAGAAA,Eukaryota,Chordata,Actinopteri,Cypriniformes,Leuciscidae,,,98.9,3,0,0,11,0,0,0,0,0,0,0,0,0,0,0,0,0,0,0,0,0,0,0,0,0,0
MiFishU,ESV_014457,CACCGCGGTTAAACGAGAGGCCCTAGTTGATAGTACAACGGCGTAAAGGGTGGTTAAGGATACTAAAATAATAAAGTCGAATGGCCCTTTGGCTGTCATACGCTTCTAGGTGCCTGAAGCCCAACATACGAAAGTCGCTTTAAAGTAGCCTACCTGATCCCACGAAAACTGAGAAA,Eukaryota,Chordata,Actinopteri,Cypriniformes,Leuciscidae,Semotilus,Semotilus atromaculatus,96,1,0,11,0,0,0,0,0,0,0,0,0,0,0,0,0,0,0,0,0,0,0,0,0,0,0
MiFishU,ESV_015802,CACCGCGGTTAAACGAGAGGCCCTAGTTGATGGTACAACGGCGTAAAGGGTGGTTAAGGACAGTGAAATAATAAGGTCGAATGGCCCTTTGGCTGTCATACGCTTCTAGGAGTCCGAAGCCCAATATACGAAAGTAGCTTTAGAAAAGCCCACCCGATCCCACGAAAGCTGAGAAA,Eukaryota,Chordata,Actinopteri,Cypriniformes,Leuciscidae,,,96.6,4,0,0,0,0,0,0,0,0,0,0,0,0,0,0,0,0,0,0,0,0,0,0,0,11,0
MiFishU,ESV_012233,CGCCGCGGTTATACGAGAGGCCCAAGTTGACAAACACCGGCGTAAAGCGTGGTTAAGTTAAAAATCGTACTAAAGCCAAACATCTTCAAGACTGTTATACGTAACCGAAGACAGGAAGTTCAACCACGAAAGTCGCTTTATCTGATCTGAATCCACGAAAGCTAAGGAA,Eukaryota,Chordata,Actinopteri,Perciformes,Cottidae,,,99.4,15,0,0,0,0,0,0,0,0,0,0,0,0,0,0,10,0,0,0,0,0,0,0,0,0,0
MiFishU,ESV_015078,CACCGCGGTTATACGAGAGACCCTAGTTGATAACTACCGGCGTAAAGAGTGGTTACGGAAAAATATTCAATAAAGCCGAACACCCCCTCAGCCGTCATACGCACCTGGGGGCACGAAGATCTACTGCGAAAGCAGCTTTAATTATGCCTGAACCCACGACAGCTAAGAAA,Eukaryota,Chordata,Actinopteri,Salmoniformes,Salmonidae,Salmo,,98.8,4,0,0,0,0,0,0,0,0,0,0,0,0,0,0,0,0,0,10,0,0,0,0,0,0,0
MiFishU,ESV_016925,CACCGCGGTTAAACGAGAGGCCCTAGTTGATAATACAACGGCGTAAAGGGTGGTTAAGGAACGCAAATAATAAAGCCGAAGGACCCTCTGGCCGTTATACGCTTCTGGACGCCCGAAGCCCAAATACGAAAGTAGCTTTAATTTAGCCCACCTGACCCCACGAAAACTGAGAAA,Eukaryota,Chordata,Actinopteri,Cypriniformes,Catostomidae,,,92,2,0,0,0,0,0,0,0,0,0,0,0,0,0,0,0,0,0,0,10,0,0,0,0,0,0
MiFishU,ESV_015875,CACCGCGGTTAAACGAGAGGCCCTAGTTGATGGTACAACGGCGTAGAGGGTGGTTAAGGACAGTGAAATAATAAAGTCGAATGGCCCTTTGGCTGTCATACGCTTCTAGGAGTCCGAAGCCCAATATACGAAAGTAGCTTTAGAAAAGCCCACCCGATCCCACGAAAGCTGAGAAA,Eukaryota,Chordata,Actinopteri,Cypriniformes,Leuciscidae,,,96.6,4,0,0,0,0,0,0,0,0,0,0,0,0,0,0,0,0,0,0,0,10,0,0,0,0,0
MiFishU,ESV_015108,CACCGCGGTTATACGAGAGGCCCTAGTTGATAACTACCGGCGTAAAGAGTGGTTATGGAAAAAATATTTAATAAAGCCGAACACCCCCTCAGCCGTCATACGCACCTGGGAGCACGAAGATCTACTGCGAAAGCAGCTTTAATTATGCCTGAACCCACGACAGCTACGACA,Eukaryota,Chordata,Actinopteri,Salmoniformes,Salmonidae,,,97.1,12,9,0,0,0,0,0,0,0,0,0,0,0,0,0,0,0,0,0,0,0,0,0,0,0,0
MiFishU,ESV_015095,CACCGCGGTTATACGAGAGGCCCAAGTTGATGAACGCCGGCGTAAAGTGTGGTTAAGTTAAAAATCGTACTAAAGCCAAACATCTTCAAGACTGTTATACGCAACCGAAGACAGGAAGTTCAACCACGAAAGTCGCTTTATCTGATCTGAATCCACGAAAGCTAAGGAA,Eukaryota,Chordata,Actinopteri,Perciformes,Cottidae,,,97,15,0,0,0,0,0,0,0,0,0,0,0,0,0,0,0,0,0,0,0,0,9,0,0,0,0
MiFishU,ESV_015128,CACCGCGGTTATACGAGAGGCCCTAGTTGATAAATACCGGCGTAAAGAGTGGTTATGAAAAAATGTTTAATAAAGCCGAACACCCCCTCAGCCGTCATACGCACCTGGAGGCACGAAGACCTACTGCGAAAGCAGCTTTAATTATACCCGAATCCACGACAGCTACGACA,Eukaryota,Chordata,Actinopteri,Salmoniformes,Salmonidae,Salvelinus,,99.4,3,0,0,0,0,0,0,0,0,0,0,0,0,0,0,0,0,0,0,0,0,9,0,0,0,0
MiFishU,ESV_006329,CACCGCGGTTATACGAGAGACCCTAGTTGATAACTACCGGCGTAAAGAGTGGTTATGGAAAAATATTTAATAAAGCCGAACACCCCCTCAGCCGTCATACGCACCTGGGAGCACGAAGACCTACTGCGAAAGCAGCTTTAATTATGCCTGAACCCACGACAGCTACGACA,Eukaryota,Chordata,Actinopteri,Salmoniformes,Salmonidae,,,97.6,11,0,0,0,0,0,0,0,0,0,0,0,0,0,0,0,0,0,9,0,0,0,0,0,0,0
MiFishU,ESV_012131,CACCGCGGTTATACGAGAGGCCCTAGTTGATAACTACCGGCGTAAAGAGTGGTTATGGAAAAATATTTAATAAAGCCGAACACCCCCTCAGCCGTCATACGCACCTGGGGGCACGAAGACCTACTGCGAAAGCAGCTTTAATTACACCTGGCCCCACGACAGCTAAGAAA,Eukaryota,Chordata,Actinopteri,Salmoniformes,Salmonidae,Oncorhynchus,Oncorhynchus tshawytscha,99.4,1,0,0,0,0,0,0,0,0,0,9,0,0,0,0,0,0,0,0,0,0,0,0,0,0,0
MiFishU,ESV_015909,CACCGCGGTTATACGAGAGGCCCTAGTTGATAACTACCGGCGTAAAGAGTGGTTATGGAAAAATATTTAATAAAGCCGAACACCCCCTCAGCCGTCATACGCACCTGGGAGCACGAAGACCTACTGCGAAAGCAGCTTTAACTATGCCTGACCCCACGACAGCTAGAAA,Eukaryota,Chordata,Actinopteri,Salmoniformes,Salmonidae,Oncorhynchus,,98.2,4,0,0,0,0,0,0,0,0,0,0,0,0,0,0,0,0,0,0,0,9,0,0,0,0,0
MiFishU,ESV_015097,CACCGCGGTTATACGAGAGGCCCTAGGTGATAACTACCGGCGTAAAGAGTGGTTATGGAAAAATATTTAATAAAGCCGAACACCCCCTCAGCCGTCATACGCACCTGGGAGCACGAAGACCTACTGCGAAAGCAGCTTTAACTATGCCTGACCCCACGACAGCTAAGAAG,Eukaryota,Chordata,Actinopteri,Salmoniformes,Salmonidae,Oncorhynchus,,98.8,4,0,0,0,0,0,0,0,0,0,0,0,0,0,0,0,0,0,0,0,0,0,0,0,0,9
MiFishU,ESV_015098,CACCGCGGTTATACGAGAGGCCCTAGTTGATAGGCACGGCGTAAAGGGTGGTTAAGGGCAATTGTAAATAAAGCTAAAGACCCCCTAAGCCGTCATACGCATTCCGGGGGCACGAAACCCTAGCACGAAAGTAGCTTTAAAAATATACCTGACCCCACGAAAGCTAAGAAA,Eukaryota,Chordata,Actinopteri,Siluriformes,Ictaluridae,Ameiurus,Ameiurus catus,98.2,1,0,0,0,0,0,0,0,0,0,0,0,0,0,0,0,0,0,0,0,0,0,9,0,0,0
MiFishU,ESV_015156,CACCGCGGTTATACGAGAGGCCCTAGTTGATAACTACCGGCGTAAAGAGTGGTTACGGAAAAATATTCAATAAAGCCGAACACCCCCTCAGCCGTCATACGCACCTGGGGGCACGAAGATCTACTGCGAAAGCAGCTTTAATTATGCCTGACCCCACGACAGCTAAGAAA,Eukaryota,Chordata,Actinopteri,Salmoniformes,Salmonidae,,,97.6,10,8,0,0,0,0,0,0,0,0,0,0,0,0,0,0,0,0,0,0,0,0,0,0,0,0
MiFishU,ESV_015931,CACCGCGGTTATACGAGAGACCCTAGTTGATAACTACCGGCGTAAAGAGTGGTTACGGAAAAATATTCAATAAAGCCGAACACCCCCTCAGCCGTCATACGCACCTGGGGGCACGAAGATCTACTGCGAAAGCAGCTTTAATTATGCCTGAACCCACGACAGCTACAACA,Eukaryota,Chordata,Actinopteri,Salmoniformes,Salmonidae,Salmo,,99.4,4,0,8,0,0,0,0,0,0,0,0,0,0,0,0,0,0,0,0,0,0,0,0,0,0,0
MiFishU,ESV_017105,CACCGCGGTTAAACGAGAGGCCCTAGTTGATAGGCACGGCGTAAAGGGTGGTTAAGGGAGTACACAAATAAAGCCGAAGGACCCTCTGGCCGTTATACGCTTCTGGACGCCCGAAGCCCAAATACGAAAGTAGCTTTAGAAAGGCCCACCTGACACCACGAAAGCTGAGAAA,Eukaryota,Chordata,Actinopteri,Cypriniformes,Catostomidae,Deltistes,Deltistes luxatus,94.8,1,0,0,0,0,0,0,0,0,0,0,0,0,0,0,0,8,0,0,0,0,0,0,0,0,0
MiFishU,ESV_017113,CACCGCGGTTAAACGAGAGGCCCTAGTTGATAGGCACGGCGTAAAGGGTGGTTAAGGGAGTACACAAATAAAGCCGAAGGACCCTCTGGCCGTTATACGCTTCTGGACGCCCGAAGCCCAAATACGAAAGTAGCTTTAGAAAAGCCCACCTGACACCACGAAAGCTGAGAAA,Eukaryota,Chordata,Actinopteri,Cypriniformes,Catostomidae,Deltistes,Deltistes luxatus,95.3,1,0,0,0,0,0,0,0,0,0,0,0,0,0,0,0,8,0,0,0,0,0,0,0,0,0
MiFishU,ESV_017094,CACCGCGGTTATACGAGAGGCCCTAGTTGATAGGCACGGCGTAAAGGGTGGTTAAGGGAGTACACAAATAAAGCCGAATGACCCTCTGGCCGTTATACGCTTCTAGGCGCCTGAAGCCCAAACACGAAAGTAGCTTTAATTTAGCCCGCCTGACCCCACAAAAACTGAGAAA,Eukaryota,Chordata,Actinopteri,Cypriniformes,Catostomidae,,,96.5,2,0,0,0,0,0,0,0,0,0,0,0,0,0,0,8,0,0,0,0,0,0,0,0,0,0
MiFishU,ESV_015144,CACCGCGGTTATACGAGAGACCCTAGTTGATAACTACCGGCGTAAAGAGTGGTTACGGAAAAATATTCAATAAAGCCGAACACCCCCTCAGCCGTCATACGCACCTGGGAGCACGAAGACCTACTGCGAAAGCAGCTTTAACTATGCCTGACCCCACGACAGCTACGACA,Eukaryota,Chordata,Actinopteri,Salmoniformes,Salmonidae,Salmo,,98.2,3,0,0,0,0,0,0,0,0,0,0,0,0,0,0,0,0,0,8,0,0,0,0,0,0,0
MiFishU,ESV_017056,CACCGCGGTTATACGAGAGGCCCTAGTTGATAGGCACGGCGTAAAGGGTGGTTAAGGGAGTACACAAATAAAGCCGAAGGACCCTCTGGCCGTTATACGCTTCTAGGCGCCCGAAGCCCAAACACGAAAGTAGCTTTAATTTAGCCCACCTGACCCCACGAAAACTGAGAAA,Eukaryota,Chordata,Actinopteri,Cypriniformes,Catostomidae,,,98.8,2,0,0,0,0,0,0,0,0,0,0,8,0,0,0,0,0,0,0,0,0,0,0,0,0,0
MiFishU,ESV_015147,CACCGCGGTTATACGAGAGGCCCAAGTTGACGAACACCGGCGTAAAGTGTGGTTAAGTTAAAAATCGTACTAAAGCCAAACATCCTCAAGACTGTTGTACGTAACCGAAGACAGGAAGTTCAACCACGAAAGTCGCTTTATCTGATCTGAATCCACGAAAGCTAAGGAA,Eukaryota,Chordata,Actinopteri,Perciformes,Cottidae,,,97.6,15,0,0,0,0,0,0,0,0,0,0,0,0,0,0,0,0,0,0,0,0,8,0,0,0,0
MiFishU,ESV_017083,CACCGCGGTTAAACGAGAGGCCCTAGTTGATAGTACAACGGCGTAAAGGGTGGTTAAGGAACGCAAATAATAAAGCCGAATGGCCCTTTGGCTGTCATACGCTTCTAGGTGTCCGAAGCCCAATATACGAAAGTAGCTTTAGAAAGGCCCACCTGACACCACGAAAGCTGAGGAA,Eukaryota,Chordata,Actinopteri,Cypriniformes,Leuciscidae,,,98.3,3,0,0,0,0,0,0,0,0,0,0,0,0,0,0,0,0,0,0,8,0,0,0,0,0,0
MiFishU,ESV_015155,CACCGCGGTTATACGAGAGACCCTAGTTGATAACTACCGGCGTAAAGAGTGGTTACGGAAAAATATTCAATAAAGCCGAACACCCCCTCAGCCGTCGTACGCACCTGGGGGCACGAAGATCTACTGCGAAAGCAGCTTTAATTATGCCTGAACCCACAACAGCTACGACA,Eukaryota,Chordata,Actinopteri,Salmoniformes,Salmonidae,Salmo,,98.8,4,0,0,0,0,0,0,0,0,0,0,0,0,0,0,0,0,0,8,0,0,0,0,0,0,0
MiFishU,ESV_015151,CACCGCGGTTATACGAGAGACCCTAGTTGATAACTACCGGCGTAAAGAGTGGTTACGGAAAAATATTCAATAAAGCCGAACGCCCCCTCAGCCGTCATACGCACCTGGGGGCACGAAGATCTACTGCGAAAGCAGTTTTAATTATGCCTGAACCCACGACAGCTACGACA,Eukaryota,Chordata,Actinopteri,Salmoniformes,Salmonidae,Salmo,,98.8,4,0,0,0,0,0,0,0,0,0,0,0,0,0,0,0,0,0,8,0,0,0,0,0,0,0
MiFishU,ESV_017087,CACCGCGGTTATACGAGAGACCCTAGTTGATAACTACCGGCGTAAAGAGTGGTTACGGAAAAATATTCAATAAAGCCGAACACCCCCTCAGCCGTCATACGCACCTGGGGGCACGAAGACCTACTGCGAAAGCAGCTTTAATTATGCCTGAACCCACGACAGCTACGACA,Eukaryota,Chordata,Actinopteri,Salmoniformes,Salmonidae,Salmo,,99.4,4,0,0,0,0,0,0,0,0,0,0,0,0,0,0,0,0,8,0,0,0,0,0,0,0,0
MiFishU,ESV_017117,CACCGCGGTTATACGAGAGGCCCTAGTTGATAGGCACGGCGTAAAGGGTGGTTAAGGGAGTACACAAATAAAGCCGAAGGACCCTCTGGCCGTTATACGCTTCTAGGCGCCTGAAGCCCAAACACGAAAGTAGCTTTAATTTAGCCCGCCTGACCCCACAAAAACTGAGAAA,Eukaryota,Chordata,Actinopteri,Cypriniformes,Catostomidae,,,97.1,2,0,0,0,0,0,0,0,0,0,0,0,0,0,0,8,0,0,0,0,0,0,0,0,0,0
MiFishU,ESV_015176,CACCGCGGTTATACGAGAGGCCCTAGTTGATAGGCACGGCGTAAAGGGTGGTTAAGGGAGTACACAAATAAAGCCGAAGGACCCCCTGGCCGTTACACGCTTCTGGACGCCCGAAGCCCAAATACGAAAGTAGCTTTAATTTAGCCCACCTGACCCCACGAAAACTGAGAAA,Eukaryota,Chordata,Actinopteri,Cypriniformes,Catostomidae,Deltistes,Deltistes luxatus,98.3,1,0,0,0,0,0,0,0,0,0,0,0,0,0,0,0,0,0,0,0,0,0,0,0,0,8
MiFishU,ESV_015160,CACCGCGGTTATACGAGAGGCTCAAGTTGATAAACCCCGGCGTAAAGAGTGGTTAAGGAAAAATAGAAACTAAAGCCGAATGCTTTCAAGACTGTTATACGTTCCCGAGAGTAAGAAGACCAATTACGAAAGTGGCTTTACTTCACCTGACCCCAGGAAAGCTACGACA,Eukaryota,Chordata,Actinopteri,Centrarchiformes,Centrarchidae,Lepomis,Lepomis cyanellus,98.8,1,0,0,0,0,0,0,0,0,0,0,0,0,0,0,0,0,0,0,0,0,0,8,0,0,0
